audio_path,lyrics_path,emotion_label,song_id,user_id
data/raw/deam_audio\2.mp3,,sad,deam_2,deam_user
data/raw/deam_audio\3.mp3,,sad,deam_3,deam_user
data/raw/deam_audio\4.mp3,,happy,deam_4,deam_user
data/raw/deam_audio\5.mp3,,calm,deam_5,deam_user
data/raw/deam_audio\7.mp3,,happy,deam_7,deam_user
data/raw/deam_audio\8.mp3,,sad,deam_8,deam_user
data/raw/deam_audio\10.mp3,,calm,deam_10,deam_user
data/raw/deam_audio\12.mp3,,happy,deam_12,deam_user
data/raw/deam_audio\13.mp3,,sad,deam_13,deam_user
data/raw/deam_audio\17.mp3,,happy,deam_17,deam_user
data/raw/deam_audio\18.mp3,,sad,deam_18,deam_user
data/raw/deam_audio\19.mp3,,angry,deam_19,deam_user
data/raw/deam_audio\20.mp3,,happy,deam_20,deam_user
data/raw/deam_audio\21.mp3,,happy,deam_21,deam_user
data/raw/deam_audio\22.mp3,,calm,deam_22,deam_user
data/raw/deam_audio\24.mp3,,angry,deam_24,deam_user
data/raw/deam_audio\25.mp3,,angry,deam_25,deam_user
data/raw/deam_audio\31.mp3,,angry,deam_31,deam_user
data/raw/deam_audio\32.mp3,,sad,deam_32,deam_user
data/raw/deam_audio\35.mp3,,happy,deam_35,deam_user
data/raw/deam_audio\37.mp3,,happy,deam_37,deam_user
data/raw/deam_audio\39.mp3,,happy,deam_39,deam_user
data/raw/deam_audio\40.mp3,,calm,deam_40,deam_user
data/raw/deam_audio\41.mp3,,sad,deam_41,deam_user
data/raw/deam_audio\42.mp3,,happy,deam_42,deam_user
data/raw/deam_audio\43.mp3,,angry,deam_43,deam_user
data/raw/deam_audio\44.mp3,,sad,deam_44,deam_user
data/raw/deam_audio\45.mp3,,angry,deam_45,deam_user
data/raw/deam_audio\46.mp3,,angry,deam_46,deam_user
data/raw/deam_audio\47.mp3,,happy,deam_47,deam_user
data/raw/deam_audio\48.mp3,,happy,deam_48,deam_user
data/raw/deam_audio\49.mp3,,calm,deam_49,deam_user
data/raw/deam_audio\50.mp3,,calm,deam_50,deam_user
data/raw/deam_audio\51.mp3,,sad,deam_51,deam_user
data/raw/deam_audio\52.mp3,,happy,deam_52,deam_user
data/raw/deam_audio\53.mp3,,sad,deam_53,deam_user
data/raw/deam_audio\54.mp3,,sad,deam_54,deam_user
data/raw/deam_audio\55.mp3,,happy,deam_55,deam_user
data/raw/deam_audio\56.mp3,,happy,deam_56,deam_user
data/raw/deam_audio\58.mp3,,sad,deam_58,deam_user
data/raw/deam_audio\59.mp3,,angry,deam_59,deam_user
data/raw/deam_audio\60.mp3,,happy,deam_60,deam_user
data/raw/deam_audio\62.mp3,,angry,deam_62,deam_user
data/raw/deam_audio\64.mp3,,calm,deam_64,deam_user
data/raw/deam_audio\65.mp3,,happy,deam_65,deam_user
data/raw/deam_audio\67.mp3,,happy,deam_67,deam_user
data/raw/deam_audio\68.mp3,,calm,deam_68,deam_user
data/raw/deam_audio\69.mp3,,sad,deam_69,deam_user
data/raw/deam_audio\70.mp3,,angry,deam_70,deam_user
data/raw/deam_audio\71.mp3,,angry,deam_71,deam_user
data/raw/deam_audio\72.mp3,,happy,deam_72,deam_user
data/raw/deam_audio\73.mp3,,happy,deam_73,deam_user
data/raw/deam_audio\74.mp3,,sad,deam_74,deam_user
data/raw/deam_audio\76.mp3,,sad,deam_76,deam_user
data/raw/deam_audio\77.mp3,,sad,deam_77,deam_user
data/raw/deam_audio\78.mp3,,sad,deam_78,deam_user
data/raw/deam_audio\79.mp3,,happy,deam_79,deam_user
data/raw/deam_audio\80.mp3,,happy,deam_80,deam_user
data/raw/deam_audio\81.mp3,,angry,deam_81,deam_user
data/raw/deam_audio\82.mp3,,sad,deam_82,deam_user
data/raw/deam_audio\83.mp3,,happy,deam_83,deam_user
data/raw/deam_audio\84.mp3,,happy,deam_84,deam_user
data/raw/deam_audio\85.mp3,,happy,deam_85,deam_user
data/raw/deam_audio\86.mp3,,happy,deam_86,deam_user
data/raw/deam_audio\87.mp3,,angry,deam_87,deam_user
data/raw/deam_audio\88.mp3,,happy,deam_88,deam_user
data/raw/deam_audio\89.mp3,,sad,deam_89,deam_user
data/raw/deam_audio\90.mp3,,sad,deam_90,deam_user
data/raw/deam_audio\91.mp3,,sad,deam_91,deam_user
data/raw/deam_audio\92.mp3,,angry,deam_92,deam_user
data/raw/deam_audio\93.mp3,,happy,deam_93,deam_user
data/raw/deam_audio\95.mp3,,calm,deam_95,deam_user
data/raw/deam_audio\96.mp3,,happy,deam_96,deam_user
data/raw/deam_audio\98.mp3,,angry,deam_98,deam_user
data/raw/deam_audio\99.mp3,,angry,deam_99,deam_user
data/raw/deam_audio\101.mp3,,sad,deam_101,deam_user
data/raw/deam_audio\102.mp3,,happy,deam_102,deam_user
data/raw/deam_audio\103.mp3,,angry,deam_103,deam_user
data/raw/deam_audio\104.mp3,,angry,deam_104,deam_user
data/raw/deam_audio\105.mp3,,happy,deam_105,deam_user
data/raw/deam_audio\106.mp3,,angry,deam_106,deam_user
data/raw/deam_audio\107.mp3,,angry,deam_107,deam_user
data/raw/deam_audio\108.mp3,,sad,deam_108,deam_user
data/raw/deam_audio\109.mp3,,happy,deam_109,deam_user
data/raw/deam_audio\110.mp3,,sad,deam_110,deam_user
data/raw/deam_audio\111.mp3,,happy,deam_111,deam_user
data/raw/deam_audio\112.mp3,,happy,deam_112,deam_user
data/raw/deam_audio\113.mp3,,angry,deam_113,deam_user
data/raw/deam_audio\114.mp3,,happy,deam_114,deam_user
data/raw/deam_audio\115.mp3,,happy,deam_115,deam_user
data/raw/deam_audio\116.mp3,,sad,deam_116,deam_user
data/raw/deam_audio\117.mp3,,calm,deam_117,deam_user
data/raw/deam_audio\118.mp3,,sad,deam_118,deam_user
data/raw/deam_audio\119.mp3,,sad,deam_119,deam_user
data/raw/deam_audio\120.mp3,,sad,deam_120,deam_user
data/raw/deam_audio\121.mp3,,sad,deam_121,deam_user
data/raw/deam_audio\122.mp3,,angry,deam_122,deam_user
data/raw/deam_audio\123.mp3,,happy,deam_123,deam_user
data/raw/deam_audio\124.mp3,,sad,deam_124,deam_user
data/raw/deam_audio\125.mp3,,sad,deam_125,deam_user
data/raw/deam_audio\126.mp3,,happy,deam_126,deam_user
data/raw/deam_audio\127.mp3,,calm,deam_127,deam_user
data/raw/deam_audio\128.mp3,,sad,deam_128,deam_user
data/raw/deam_audio\129.mp3,,calm,deam_129,deam_user
data/raw/deam_audio\130.mp3,,sad,deam_130,deam_user
data/raw/deam_audio\131.mp3,,angry,deam_131,deam_user
data/raw/deam_audio\133.mp3,,sad,deam_133,deam_user
data/raw/deam_audio\134.mp3,,happy,deam_134,deam_user
data/raw/deam_audio\135.mp3,,sad,deam_135,deam_user
data/raw/deam_audio\136.mp3,,happy,deam_136,deam_user
data/raw/deam_audio\137.mp3,,calm,deam_137,deam_user
data/raw/deam_audio\138.mp3,,sad,deam_138,deam_user
data/raw/deam_audio\140.mp3,,angry,deam_140,deam_user
data/raw/deam_audio\142.mp3,,calm,deam_142,deam_user
data/raw/deam_audio\143.mp3,,calm,deam_143,deam_user
data/raw/deam_audio\144.mp3,,calm,deam_144,deam_user
data/raw/deam_audio\145.mp3,,calm,deam_145,deam_user
data/raw/deam_audio\146.mp3,,sad,deam_146,deam_user
data/raw/deam_audio\148.mp3,,calm,deam_148,deam_user
data/raw/deam_audio\149.mp3,,sad,deam_149,deam_user
data/raw/deam_audio\150.mp3,,happy,deam_150,deam_user
data/raw/deam_audio\151.mp3,,sad,deam_151,deam_user
data/raw/deam_audio\152.mp3,,sad,deam_152,deam_user
data/raw/deam_audio\153.mp3,,calm,deam_153,deam_user
data/raw/deam_audio\154.mp3,,sad,deam_154,deam_user
data/raw/deam_audio\155.mp3,,calm,deam_155,deam_user
data/raw/deam_audio\156.mp3,,happy,deam_156,deam_user
data/raw/deam_audio\157.mp3,,calm,deam_157,deam_user
data/raw/deam_audio\158.mp3,,sad,deam_158,deam_user
data/raw/deam_audio\159.mp3,,sad,deam_159,deam_user
data/raw/deam_audio\160.mp3,,sad,deam_160,deam_user
data/raw/deam_audio\161.mp3,,angry,deam_161,deam_user
data/raw/deam_audio\162.mp3,,sad,deam_162,deam_user
data/raw/deam_audio\163.mp3,,sad,deam_163,deam_user
data/raw/deam_audio\164.mp3,,sad,deam_164,deam_user
data/raw/deam_audio\166.mp3,,sad,deam_166,deam_user
data/raw/deam_audio\167.mp3,,sad,deam_167,deam_user
data/raw/deam_audio\168.mp3,,sad,deam_168,deam_user
data/raw/deam_audio\169.mp3,,sad,deam_169,deam_user
data/raw/deam_audio\170.mp3,,sad,deam_170,deam_user
data/raw/deam_audio\171.mp3,,sad,deam_171,deam_user
data/raw/deam_audio\172.mp3,,sad,deam_172,deam_user
data/raw/deam_audio\173.mp3,,sad,deam_173,deam_user
data/raw/deam_audio\174.mp3,,sad,deam_174,deam_user
data/raw/deam_audio\175.mp3,,calm,deam_175,deam_user
data/raw/deam_audio\176.mp3,,sad,deam_176,deam_user
data/raw/deam_audio\177.mp3,,happy,deam_177,deam_user
data/raw/deam_audio\178.mp3,,sad,deam_178,deam_user
data/raw/deam_audio\179.mp3,,happy,deam_179,deam_user
data/raw/deam_audio\180.mp3,,happy,deam_180,deam_user
data/raw/deam_audio\181.mp3,,sad,deam_181,deam_user
data/raw/deam_audio\182.mp3,,sad,deam_182,deam_user
data/raw/deam_audio\184.mp3,,sad,deam_184,deam_user
data/raw/deam_audio\185.mp3,,sad,deam_185,deam_user
data/raw/deam_audio\186.mp3,,sad,deam_186,deam_user
data/raw/deam_audio\187.mp3,,sad,deam_187,deam_user
data/raw/deam_audio\188.mp3,,sad,deam_188,deam_user
data/raw/deam_audio\189.mp3,,happy,deam_189,deam_user
data/raw/deam_audio\190.mp3,,sad,deam_190,deam_user
data/raw/deam_audio\191.mp3,,happy,deam_191,deam_user
data/raw/deam_audio\192.mp3,,happy,deam_192,deam_user
data/raw/deam_audio\193.mp3,,sad,deam_193,deam_user
data/raw/deam_audio\194.mp3,,sad,deam_194,deam_user
data/raw/deam_audio\195.mp3,,sad,deam_195,deam_user
data/raw/deam_audio\196.mp3,,sad,deam_196,deam_user
data/raw/deam_audio\197.mp3,,sad,deam_197,deam_user
data/raw/deam_audio\198.mp3,,sad,deam_198,deam_user
data/raw/deam_audio\199.mp3,,happy,deam_199,deam_user
data/raw/deam_audio\201.mp3,,calm,deam_201,deam_user
data/raw/deam_audio\202.mp3,,sad,deam_202,deam_user
data/raw/deam_audio\203.mp3,,calm,deam_203,deam_user
data/raw/deam_audio\204.mp3,,angry,deam_204,deam_user
data/raw/deam_audio\205.mp3,,sad,deam_205,deam_user
data/raw/deam_audio\206.mp3,,sad,deam_206,deam_user
data/raw/deam_audio\207.mp3,,happy,deam_207,deam_user
data/raw/deam_audio\208.mp3,,happy,deam_208,deam_user
data/raw/deam_audio\209.mp3,,sad,deam_209,deam_user
data/raw/deam_audio\210.mp3,,calm,deam_210,deam_user
data/raw/deam_audio\211.mp3,,calm,deam_211,deam_user
data/raw/deam_audio\212.mp3,,calm,deam_212,deam_user
data/raw/deam_audio\213.mp3,,sad,deam_213,deam_user
data/raw/deam_audio\214.mp3,,sad,deam_214,deam_user
data/raw/deam_audio\215.mp3,,sad,deam_215,deam_user
data/raw/deam_audio\216.mp3,,calm,deam_216,deam_user
data/raw/deam_audio\217.mp3,,calm,deam_217,deam_user
data/raw/deam_audio\218.mp3,,sad,deam_218,deam_user
data/raw/deam_audio\219.mp3,,sad,deam_219,deam_user
data/raw/deam_audio\220.mp3,,sad,deam_220,deam_user
data/raw/deam_audio\221.mp3,,sad,deam_221,deam_user
data/raw/deam_audio\222.mp3,,sad,deam_222,deam_user
data/raw/deam_audio\223.mp3,,sad,deam_223,deam_user
data/raw/deam_audio\224.mp3,,happy,deam_224,deam_user
data/raw/deam_audio\225.mp3,,sad,deam_225,deam_user
data/raw/deam_audio\226.mp3,,happy,deam_226,deam_user
data/raw/deam_audio\227.mp3,,sad,deam_227,deam_user
data/raw/deam_audio\228.mp3,,sad,deam_228,deam_user
data/raw/deam_audio\229.mp3,,happy,deam_229,deam_user
data/raw/deam_audio\231.mp3,,calm,deam_231,deam_user
data/raw/deam_audio\232.mp3,,sad,deam_232,deam_user
data/raw/deam_audio\233.mp3,,angry,deam_233,deam_user
data/raw/deam_audio\234.mp3,,sad,deam_234,deam_user
data/raw/deam_audio\235.mp3,,sad,deam_235,deam_user
data/raw/deam_audio\236.mp3,,sad,deam_236,deam_user
data/raw/deam_audio\237.mp3,,sad,deam_237,deam_user
data/raw/deam_audio\238.mp3,,sad,deam_238,deam_user
data/raw/deam_audio\239.mp3,,sad,deam_239,deam_user
data/raw/deam_audio\240.mp3,,happy,deam_240,deam_user
data/raw/deam_audio\241.mp3,,sad,deam_241,deam_user
data/raw/deam_audio\242.mp3,,sad,deam_242,deam_user
data/raw/deam_audio\243.mp3,,angry,deam_243,deam_user
data/raw/deam_audio\244.mp3,,sad,deam_244,deam_user
data/raw/deam_audio\245.mp3,,calm,deam_245,deam_user
data/raw/deam_audio\246.mp3,,sad,deam_246,deam_user
data/raw/deam_audio\247.mp3,,sad,deam_247,deam_user
data/raw/deam_audio\248.mp3,,sad,deam_248,deam_user
data/raw/deam_audio\250.mp3,,sad,deam_250,deam_user
data/raw/deam_audio\253.mp3,,angry,deam_253,deam_user
data/raw/deam_audio\254.mp3,,happy,deam_254,deam_user
data/raw/deam_audio\257.mp3,,happy,deam_257,deam_user
data/raw/deam_audio\258.mp3,,sad,deam_258,deam_user
data/raw/deam_audio\260.mp3,,angry,deam_260,deam_user
data/raw/deam_audio\262.mp3,,happy,deam_262,deam_user
data/raw/deam_audio\264.mp3,,happy,deam_264,deam_user
data/raw/deam_audio\265.mp3,,calm,deam_265,deam_user
data/raw/deam_audio\266.mp3,,calm,deam_266,deam_user
data/raw/deam_audio\269.mp3,,calm,deam_269,deam_user
data/raw/deam_audio\270.mp3,,happy,deam_270,deam_user
data/raw/deam_audio\272.mp3,,happy,deam_272,deam_user
data/raw/deam_audio\273.mp3,,happy,deam_273,deam_user
data/raw/deam_audio\274.mp3,,happy,deam_274,deam_user
data/raw/deam_audio\275.mp3,,happy,deam_275,deam_user
data/raw/deam_audio\276.mp3,,happy,deam_276,deam_user
data/raw/deam_audio\278.mp3,,angry,deam_278,deam_user
data/raw/deam_audio\279.mp3,,sad,deam_279,deam_user
data/raw/deam_audio\280.mp3,,sad,deam_280,deam_user
data/raw/deam_audio\281.mp3,,happy,deam_281,deam_user
data/raw/deam_audio\282.mp3,,sad,deam_282,deam_user
data/raw/deam_audio\284.mp3,,calm,deam_284,deam_user
data/raw/deam_audio\285.mp3,,calm,deam_285,deam_user
data/raw/deam_audio\286.mp3,,happy,deam_286,deam_user
data/raw/deam_audio\288.mp3,,calm,deam_288,deam_user
data/raw/deam_audio\289.mp3,,happy,deam_289,deam_user
data/raw/deam_audio\290.mp3,,sad,deam_290,deam_user
data/raw/deam_audio\292.mp3,,happy,deam_292,deam_user
data/raw/deam_audio\293.mp3,,angry,deam_293,deam_user
data/raw/deam_audio\294.mp3,,happy,deam_294,deam_user
data/raw/deam_audio\296.mp3,,happy,deam_296,deam_user
data/raw/deam_audio\297.mp3,,sad,deam_297,deam_user
data/raw/deam_audio\298.mp3,,calm,deam_298,deam_user
data/raw/deam_audio\299.mp3,,sad,deam_299,deam_user
data/raw/deam_audio\300.mp3,,angry,deam_300,deam_user
data/raw/deam_audio\301.mp3,,sad,deam_301,deam_user
data/raw/deam_audio\302.mp3,,happy,deam_302,deam_user
data/raw/deam_audio\303.mp3,,happy,deam_303,deam_user
data/raw/deam_audio\304.mp3,,sad,deam_304,deam_user
data/raw/deam_audio\305.mp3,,happy,deam_305,deam_user
data/raw/deam_audio\306.mp3,,happy,deam_306,deam_user
data/raw/deam_audio\307.mp3,,happy,deam_307,deam_user
data/raw/deam_audio\308.mp3,,calm,deam_308,deam_user
data/raw/deam_audio\309.mp3,,happy,deam_309,deam_user
data/raw/deam_audio\310.mp3,,sad,deam_310,deam_user
data/raw/deam_audio\311.mp3,,happy,deam_311,deam_user
data/raw/deam_audio\312.mp3,,calm,deam_312,deam_user
data/raw/deam_audio\313.mp3,,calm,deam_313,deam_user
data/raw/deam_audio\314.mp3,,happy,deam_314,deam_user
data/raw/deam_audio\315.mp3,,happy,deam_315,deam_user
data/raw/deam_audio\316.mp3,,sad,deam_316,deam_user
data/raw/deam_audio\317.mp3,,angry,deam_317,deam_user
data/raw/deam_audio\318.mp3,,happy,deam_318,deam_user
data/raw/deam_audio\319.mp3,,calm,deam_319,deam_user
data/raw/deam_audio\320.mp3,,happy,deam_320,deam_user
data/raw/deam_audio\321.mp3,,happy,deam_321,deam_user
data/raw/deam_audio\322.mp3,,happy,deam_322,deam_user
data/raw/deam_audio\323.mp3,,happy,deam_323,deam_user
data/raw/deam_audio\324.mp3,,sad,deam_324,deam_user
data/raw/deam_audio\325.mp3,,happy,deam_325,deam_user
data/raw/deam_audio\326.mp3,,happy,deam_326,deam_user
data/raw/deam_audio\327.mp3,,happy,deam_327,deam_user
data/raw/deam_audio\328.mp3,,angry,deam_328,deam_user
data/raw/deam_audio\329.mp3,,sad,deam_329,deam_user
data/raw/deam_audio\330.mp3,,angry,deam_330,deam_user
data/raw/deam_audio\332.mp3,,happy,deam_332,deam_user
data/raw/deam_audio\333.mp3,,happy,deam_333,deam_user
data/raw/deam_audio\334.mp3,,happy,deam_334,deam_user
data/raw/deam_audio\335.mp3,,happy,deam_335,deam_user
data/raw/deam_audio\336.mp3,,happy,deam_336,deam_user
data/raw/deam_audio\338.mp3,,sad,deam_338,deam_user
data/raw/deam_audio\339.mp3,,happy,deam_339,deam_user
data/raw/deam_audio\340.mp3,,sad,deam_340,deam_user
data/raw/deam_audio\341.mp3,,sad,deam_341,deam_user
data/raw/deam_audio\342.mp3,,calm,deam_342,deam_user
data/raw/deam_audio\343.mp3,,happy,deam_343,deam_user
data/raw/deam_audio\344.mp3,,calm,deam_344,deam_user
data/raw/deam_audio\345.mp3,,happy,deam_345,deam_user
data/raw/deam_audio\346.mp3,,happy,deam_346,deam_user
data/raw/deam_audio\347.mp3,,calm,deam_347,deam_user
data/raw/deam_audio\348.mp3,,happy,deam_348,deam_user
data/raw/deam_audio\349.mp3,,calm,deam_349,deam_user
data/raw/deam_audio\350.mp3,,happy,deam_350,deam_user
data/raw/deam_audio\352.mp3,,happy,deam_352,deam_user
data/raw/deam_audio\353.mp3,,sad,deam_353,deam_user
data/raw/deam_audio\354.mp3,,happy,deam_354,deam_user
data/raw/deam_audio\355.mp3,,happy,deam_355,deam_user
data/raw/deam_audio\356.mp3,,happy,deam_356,deam_user
data/raw/deam_audio\357.mp3,,happy,deam_357,deam_user
data/raw/deam_audio\358.mp3,,angry,deam_358,deam_user
data/raw/deam_audio\359.mp3,,sad,deam_359,deam_user
data/raw/deam_audio\360.mp3,,sad,deam_360,deam_user
data/raw/deam_audio\361.mp3,,sad,deam_361,deam_user
data/raw/deam_audio\362.mp3,,calm,deam_362,deam_user
data/raw/deam_audio\364.mp3,,happy,deam_364,deam_user
data/raw/deam_audio\365.mp3,,happy,deam_365,deam_user
data/raw/deam_audio\366.mp3,,happy,deam_366,deam_user
data/raw/deam_audio\367.mp3,,sad,deam_367,deam_user
data/raw/deam_audio\368.mp3,,calm,deam_368,deam_user
data/raw/deam_audio\369.mp3,,sad,deam_369,deam_user
data/raw/deam_audio\370.mp3,,sad,deam_370,deam_user
data/raw/deam_audio\371.mp3,,happy,deam_371,deam_user
data/raw/deam_audio\372.mp3,,sad,deam_372,deam_user
data/raw/deam_audio\374.mp3,,angry,deam_374,deam_user
data/raw/deam_audio\375.mp3,,sad,deam_375,deam_user
data/raw/deam_audio\376.mp3,,happy,deam_376,deam_user
data/raw/deam_audio\378.mp3,,happy,deam_378,deam_user
data/raw/deam_audio\379.mp3,,sad,deam_379,deam_user
data/raw/deam_audio\380.mp3,,happy,deam_380,deam_user
data/raw/deam_audio\381.mp3,,happy,deam_381,deam_user
data/raw/deam_audio\383.mp3,,sad,deam_383,deam_user
data/raw/deam_audio\384.mp3,,sad,deam_384,deam_user
data/raw/deam_audio\386.mp3,,happy,deam_386,deam_user
data/raw/deam_audio\387.mp3,,happy,deam_387,deam_user
data/raw/deam_audio\390.mp3,,happy,deam_390,deam_user
data/raw/deam_audio\391.mp3,,happy,deam_391,deam_user
data/raw/deam_audio\392.mp3,,calm,deam_392,deam_user
data/raw/deam_audio\393.mp3,,happy,deam_393,deam_user
data/raw/deam_audio\395.mp3,,happy,deam_395,deam_user
data/raw/deam_audio\397.mp3,,happy,deam_397,deam_user
data/raw/deam_audio\399.mp3,,happy,deam_399,deam_user
data/raw/deam_audio\400.mp3,,calm,deam_400,deam_user
data/raw/deam_audio\401.mp3,,happy,deam_401,deam_user
data/raw/deam_audio\402.mp3,,happy,deam_402,deam_user
data/raw/deam_audio\403.mp3,,calm,deam_403,deam_user
data/raw/deam_audio\404.mp3,,happy,deam_404,deam_user
data/raw/deam_audio\405.mp3,,happy,deam_405,deam_user
data/raw/deam_audio\406.mp3,,angry,deam_406,deam_user
data/raw/deam_audio\407.mp3,,sad,deam_407,deam_user
data/raw/deam_audio\408.mp3,,happy,deam_408,deam_user
data/raw/deam_audio\410.mp3,,sad,deam_410,deam_user
data/raw/deam_audio\415.mp3,,happy,deam_415,deam_user
data/raw/deam_audio\416.mp3,,happy,deam_416,deam_user
data/raw/deam_audio\419.mp3,,sad,deam_419,deam_user
data/raw/deam_audio\420.mp3,,calm,deam_420,deam_user
data/raw/deam_audio\422.mp3,,sad,deam_422,deam_user
data/raw/deam_audio\423.mp3,,angry,deam_423,deam_user
data/raw/deam_audio\425.mp3,,happy,deam_425,deam_user
data/raw/deam_audio\426.mp3,,happy,deam_426,deam_user
data/raw/deam_audio\427.mp3,,happy,deam_427,deam_user
data/raw/deam_audio\428.mp3,,happy,deam_428,deam_user
data/raw/deam_audio\429.mp3,,sad,deam_429,deam_user
data/raw/deam_audio\430.mp3,,sad,deam_430,deam_user
data/raw/deam_audio\431.mp3,,happy,deam_431,deam_user
data/raw/deam_audio\432.mp3,,happy,deam_432,deam_user
data/raw/deam_audio\435.mp3,,happy,deam_435,deam_user
data/raw/deam_audio\436.mp3,,calm,deam_436,deam_user
data/raw/deam_audio\437.mp3,,angry,deam_437,deam_user
data/raw/deam_audio\440.mp3,,happy,deam_440,deam_user
data/raw/deam_audio\441.mp3,,angry,deam_441,deam_user
data/raw/deam_audio\442.mp3,,sad,deam_442,deam_user
data/raw/deam_audio\444.mp3,,sad,deam_444,deam_user
data/raw/deam_audio\445.mp3,,sad,deam_445,deam_user
data/raw/deam_audio\448.mp3,,happy,deam_448,deam_user
data/raw/deam_audio\449.mp3,,sad,deam_449,deam_user
data/raw/deam_audio\450.mp3,,sad,deam_450,deam_user
data/raw/deam_audio\451.mp3,,angry,deam_451,deam_user
data/raw/deam_audio\452.mp3,,happy,deam_452,deam_user
data/raw/deam_audio\453.mp3,,calm,deam_453,deam_user
data/raw/deam_audio\454.mp3,,happy,deam_454,deam_user
data/raw/deam_audio\455.mp3,,happy,deam_455,deam_user
data/raw/deam_audio\456.mp3,,angry,deam_456,deam_user
data/raw/deam_audio\458.mp3,,calm,deam_458,deam_user
data/raw/deam_audio\459.mp3,,happy,deam_459,deam_user
data/raw/deam_audio\460.mp3,,calm,deam_460,deam_user
data/raw/deam_audio\461.mp3,,angry,deam_461,deam_user
data/raw/deam_audio\462.mp3,,happy,deam_462,deam_user
data/raw/deam_audio\463.mp3,,happy,deam_463,deam_user
data/raw/deam_audio\464.mp3,,happy,deam_464,deam_user
data/raw/deam_audio\466.mp3,,happy,deam_466,deam_user
data/raw/deam_audio\467.mp3,,happy,deam_467,deam_user
data/raw/deam_audio\468.mp3,,sad,deam_468,deam_user
data/raw/deam_audio\469.mp3,,angry,deam_469,deam_user
data/raw/deam_audio\472.mp3,,happy,deam_472,deam_user
data/raw/deam_audio\473.mp3,,happy,deam_473,deam_user
data/raw/deam_audio\475.mp3,,angry,deam_475,deam_user
data/raw/deam_audio\477.mp3,,happy,deam_477,deam_user
data/raw/deam_audio\478.mp3,,sad,deam_478,deam_user
data/raw/deam_audio\479.mp3,,calm,deam_479,deam_user
data/raw/deam_audio\480.mp3,,sad,deam_480,deam_user
data/raw/deam_audio\481.mp3,,calm,deam_481,deam_user
data/raw/deam_audio\482.mp3,,sad,deam_482,deam_user
data/raw/deam_audio\484.mp3,,happy,deam_484,deam_user
data/raw/deam_audio\485.mp3,,sad,deam_485,deam_user
data/raw/deam_audio\486.mp3,,happy,deam_486,deam_user
data/raw/deam_audio\487.mp3,,happy,deam_487,deam_user
data/raw/deam_audio\488.mp3,,sad,deam_488,deam_user
data/raw/deam_audio\489.mp3,,calm,deam_489,deam_user
data/raw/deam_audio\490.mp3,,sad,deam_490,deam_user
data/raw/deam_audio\492.mp3,,sad,deam_492,deam_user
data/raw/deam_audio\493.mp3,,sad,deam_493,deam_user
data/raw/deam_audio\494.mp3,,sad,deam_494,deam_user
data/raw/deam_audio\496.mp3,,calm,deam_496,deam_user
data/raw/deam_audio\497.mp3,,happy,deam_497,deam_user
data/raw/deam_audio\498.mp3,,sad,deam_498,deam_user
data/raw/deam_audio\499.mp3,,sad,deam_499,deam_user
data/raw/deam_audio\500.mp3,,happy,deam_500,deam_user
data/raw/deam_audio\501.mp3,,sad,deam_501,deam_user
data/raw/deam_audio\502.mp3,,angry,deam_502,deam_user
data/raw/deam_audio\503.mp3,,happy,deam_503,deam_user
data/raw/deam_audio\504.mp3,,sad,deam_504,deam_user
data/raw/deam_audio\506.mp3,,sad,deam_506,deam_user
data/raw/deam_audio\507.mp3,,happy,deam_507,deam_user
data/raw/deam_audio\512.mp3,,calm,deam_512,deam_user
data/raw/deam_audio\513.mp3,,sad,deam_513,deam_user
data/raw/deam_audio\514.mp3,,calm,deam_514,deam_user
data/raw/deam_audio\515.mp3,,sad,deam_515,deam_user
data/raw/deam_audio\518.mp3,,angry,deam_518,deam_user
data/raw/deam_audio\519.mp3,,happy,deam_519,deam_user
data/raw/deam_audio\520.mp3,,sad,deam_520,deam_user
data/raw/deam_audio\521.mp3,,sad,deam_521,deam_user
data/raw/deam_audio\522.mp3,,sad,deam_522,deam_user
data/raw/deam_audio\523.mp3,,happy,deam_523,deam_user
data/raw/deam_audio\524.mp3,,sad,deam_524,deam_user
data/raw/deam_audio\525.mp3,,calm,deam_525,deam_user
data/raw/deam_audio\527.mp3,,calm,deam_527,deam_user
data/raw/deam_audio\529.mp3,,happy,deam_529,deam_user
data/raw/deam_audio\530.mp3,,sad,deam_530,deam_user
data/raw/deam_audio\535.mp3,,happy,deam_535,deam_user
data/raw/deam_audio\536.mp3,,sad,deam_536,deam_user
data/raw/deam_audio\537.mp3,,angry,deam_537,deam_user
data/raw/deam_audio\540.mp3,,sad,deam_540,deam_user
data/raw/deam_audio\544.mp3,,angry,deam_544,deam_user
data/raw/deam_audio\547.mp3,,sad,deam_547,deam_user
data/raw/deam_audio\550.mp3,,calm,deam_550,deam_user
data/raw/deam_audio\551.mp3,,sad,deam_551,deam_user
data/raw/deam_audio\554.mp3,,calm,deam_554,deam_user
data/raw/deam_audio\555.mp3,,happy,deam_555,deam_user
data/raw/deam_audio\556.mp3,,happy,deam_556,deam_user
data/raw/deam_audio\558.mp3,,sad,deam_558,deam_user
data/raw/deam_audio\560.mp3,,sad,deam_560,deam_user
data/raw/deam_audio\561.mp3,,happy,deam_561,deam_user
data/raw/deam_audio\564.mp3,,angry,deam_564,deam_user
data/raw/deam_audio\565.mp3,,sad,deam_565,deam_user
data/raw/deam_audio\568.mp3,,angry,deam_568,deam_user
data/raw/deam_audio\574.mp3,,calm,deam_574,deam_user
data/raw/deam_audio\577.mp3,,happy,deam_577,deam_user
data/raw/deam_audio\579.mp3,,sad,deam_579,deam_user
data/raw/deam_audio\580.mp3,,sad,deam_580,deam_user
data/raw/deam_audio\581.mp3,,happy,deam_581,deam_user
data/raw/deam_audio\582.mp3,,calm,deam_582,deam_user
data/raw/deam_audio\584.mp3,,sad,deam_584,deam_user
data/raw/deam_audio\585.mp3,,sad,deam_585,deam_user
data/raw/deam_audio\586.mp3,,happy,deam_586,deam_user
data/raw/deam_audio\591.mp3,,happy,deam_591,deam_user
data/raw/deam_audio\592.mp3,,happy,deam_592,deam_user
data/raw/deam_audio\594.mp3,,sad,deam_594,deam_user
data/raw/deam_audio\597.mp3,,happy,deam_597,deam_user
data/raw/deam_audio\598.mp3,,calm,deam_598,deam_user
data/raw/deam_audio\600.mp3,,sad,deam_600,deam_user
data/raw/deam_audio\605.mp3,,happy,deam_605,deam_user
data/raw/deam_audio\606.mp3,,calm,deam_606,deam_user
data/raw/deam_audio\607.mp3,,happy,deam_607,deam_user
data/raw/deam_audio\608.mp3,,sad,deam_608,deam_user
data/raw/deam_audio\609.mp3,,happy,deam_609,deam_user
data/raw/deam_audio\610.mp3,,happy,deam_610,deam_user
data/raw/deam_audio\611.mp3,,happy,deam_611,deam_user
data/raw/deam_audio\612.mp3,,happy,deam_612,deam_user
data/raw/deam_audio\613.mp3,,happy,deam_613,deam_user
data/raw/deam_audio\614.mp3,,angry,deam_614,deam_user
data/raw/deam_audio\615.mp3,,sad,deam_615,deam_user
data/raw/deam_audio\616.mp3,,sad,deam_616,deam_user
data/raw/deam_audio\617.mp3,,angry,deam_617,deam_user
data/raw/deam_audio\620.mp3,,angry,deam_620,deam_user
data/raw/deam_audio\621.mp3,,sad,deam_621,deam_user
data/raw/deam_audio\622.mp3,,calm,deam_622,deam_user
data/raw/deam_audio\623.mp3,,calm,deam_623,deam_user
data/raw/deam_audio\625.mp3,,sad,deam_625,deam_user
data/raw/deam_audio\628.mp3,,happy,deam_628,deam_user
data/raw/deam_audio\629.mp3,,happy,deam_629,deam_user
data/raw/deam_audio\631.mp3,,angry,deam_631,deam_user
data/raw/deam_audio\632.mp3,,calm,deam_632,deam_user
data/raw/deam_audio\634.mp3,,calm,deam_634,deam_user
data/raw/deam_audio\635.mp3,,happy,deam_635,deam_user
data/raw/deam_audio\637.mp3,,sad,deam_637,deam_user
data/raw/deam_audio\638.mp3,,sad,deam_638,deam_user
data/raw/deam_audio\639.mp3,,happy,deam_639,deam_user
data/raw/deam_audio\640.mp3,,happy,deam_640,deam_user
data/raw/deam_audio\643.mp3,,sad,deam_643,deam_user
data/raw/deam_audio\644.mp3,,calm,deam_644,deam_user
data/raw/deam_audio\645.mp3,,happy,deam_645,deam_user
data/raw/deam_audio\646.mp3,,sad,deam_646,deam_user
data/raw/deam_audio\647.mp3,,calm,deam_647,deam_user
data/raw/deam_audio\648.mp3,,happy,deam_648,deam_user
data/raw/deam_audio\649.mp3,,happy,deam_649,deam_user
data/raw/deam_audio\650.mp3,,angry,deam_650,deam_user
data/raw/deam_audio\651.mp3,,happy,deam_651,deam_user
data/raw/deam_audio\652.mp3,,sad,deam_652,deam_user
data/raw/deam_audio\653.mp3,,happy,deam_653,deam_user
data/raw/deam_audio\654.mp3,,happy,deam_654,deam_user
data/raw/deam_audio\656.mp3,,sad,deam_656,deam_user
data/raw/deam_audio\657.mp3,,happy,deam_657,deam_user
data/raw/deam_audio\658.mp3,,calm,deam_658,deam_user
data/raw/deam_audio\660.mp3,,sad,deam_660,deam_user
data/raw/deam_audio\661.mp3,,sad,deam_661,deam_user
data/raw/deam_audio\662.mp3,,angry,deam_662,deam_user
data/raw/deam_audio\663.mp3,,sad,deam_663,deam_user
data/raw/deam_audio\664.mp3,,happy,deam_664,deam_user
data/raw/deam_audio\665.mp3,,happy,deam_665,deam_user
data/raw/deam_audio\666.mp3,,happy,deam_666,deam_user
data/raw/deam_audio\667.mp3,,sad,deam_667,deam_user
data/raw/deam_audio\668.mp3,,calm,deam_668,deam_user
data/raw/deam_audio\671.mp3,,sad,deam_671,deam_user
data/raw/deam_audio\672.mp3,,calm,deam_672,deam_user
data/raw/deam_audio\673.mp3,,happy,deam_673,deam_user
data/raw/deam_audio\674.mp3,,happy,deam_674,deam_user
data/raw/deam_audio\675.mp3,,happy,deam_675,deam_user
data/raw/deam_audio\676.mp3,,happy,deam_676,deam_user
data/raw/deam_audio\677.mp3,,happy,deam_677,deam_user
data/raw/deam_audio\681.mp3,,calm,deam_681,deam_user
data/raw/deam_audio\682.mp3,,calm,deam_682,deam_user
data/raw/deam_audio\684.mp3,,calm,deam_684,deam_user
data/raw/deam_audio\685.mp3,,sad,deam_685,deam_user
data/raw/deam_audio\686.mp3,,calm,deam_686,deam_user
data/raw/deam_audio\687.mp3,,happy,deam_687,deam_user
data/raw/deam_audio\688.mp3,,calm,deam_688,deam_user
data/raw/deam_audio\689.mp3,,sad,deam_689,deam_user
data/raw/deam_audio\690.mp3,,sad,deam_690,deam_user
data/raw/deam_audio\691.mp3,,angry,deam_691,deam_user
data/raw/deam_audio\692.mp3,,happy,deam_692,deam_user
data/raw/deam_audio\693.mp3,,happy,deam_693,deam_user
data/raw/deam_audio\695.mp3,,happy,deam_695,deam_user
data/raw/deam_audio\696.mp3,,happy,deam_696,deam_user
data/raw/deam_audio\697.mp3,,happy,deam_697,deam_user
data/raw/deam_audio\698.mp3,,sad,deam_698,deam_user
data/raw/deam_audio\699.mp3,,calm,deam_699,deam_user
data/raw/deam_audio\700.mp3,,happy,deam_700,deam_user
data/raw/deam_audio\702.mp3,,angry,deam_702,deam_user
data/raw/deam_audio\703.mp3,,happy,deam_703,deam_user
data/raw/deam_audio\704.mp3,,sad,deam_704,deam_user
data/raw/deam_audio\706.mp3,,happy,deam_706,deam_user
data/raw/deam_audio\707.mp3,,sad,deam_707,deam_user
data/raw/deam_audio\708.mp3,,sad,deam_708,deam_user
data/raw/deam_audio\709.mp3,,happy,deam_709,deam_user
data/raw/deam_audio\710.mp3,,happy,deam_710,deam_user
data/raw/deam_audio\711.mp3,,sad,deam_711,deam_user
data/raw/deam_audio\712.mp3,,calm,deam_712,deam_user
data/raw/deam_audio\713.mp3,,happy,deam_713,deam_user
data/raw/deam_audio\714.mp3,,happy,deam_714,deam_user
data/raw/deam_audio\715.mp3,,sad,deam_715,deam_user
data/raw/deam_audio\717.mp3,,calm,deam_717,deam_user
data/raw/deam_audio\718.mp3,,happy,deam_718,deam_user
data/raw/deam_audio\719.mp3,,happy,deam_719,deam_user
data/raw/deam_audio\721.mp3,,happy,deam_721,deam_user
data/raw/deam_audio\722.mp3,,happy,deam_722,deam_user
data/raw/deam_audio\723.mp3,,happy,deam_723,deam_user
data/raw/deam_audio\724.mp3,,happy,deam_724,deam_user
data/raw/deam_audio\725.mp3,,happy,deam_725,deam_user
data/raw/deam_audio\726.mp3,,angry,deam_726,deam_user
data/raw/deam_audio\727.mp3,,sad,deam_727,deam_user
data/raw/deam_audio\728.mp3,,happy,deam_728,deam_user
data/raw/deam_audio\729.mp3,,angry,deam_729,deam_user
data/raw/deam_audio\730.mp3,,sad,deam_730,deam_user
data/raw/deam_audio\731.mp3,,happy,deam_731,deam_user
data/raw/deam_audio\732.mp3,,calm,deam_732,deam_user
data/raw/deam_audio\733.mp3,,calm,deam_733,deam_user
data/raw/deam_audio\734.mp3,,happy,deam_734,deam_user
data/raw/deam_audio\735.mp3,,happy,deam_735,deam_user
data/raw/deam_audio\736.mp3,,sad,deam_736,deam_user
data/raw/deam_audio\737.mp3,,sad,deam_737,deam_user
data/raw/deam_audio\738.mp3,,happy,deam_738,deam_user
data/raw/deam_audio\739.mp3,,happy,deam_739,deam_user
data/raw/deam_audio\740.mp3,,sad,deam_740,deam_user
data/raw/deam_audio\741.mp3,,sad,deam_741,deam_user
data/raw/deam_audio\742.mp3,,happy,deam_742,deam_user
data/raw/deam_audio\743.mp3,,calm,deam_743,deam_user
data/raw/deam_audio\744.mp3,,happy,deam_744,deam_user
data/raw/deam_audio\745.mp3,,sad,deam_745,deam_user
data/raw/deam_audio\746.mp3,,sad,deam_746,deam_user
data/raw/deam_audio\747.mp3,,calm,deam_747,deam_user
data/raw/deam_audio\748.mp3,,angry,deam_748,deam_user
data/raw/deam_audio\749.mp3,,calm,deam_749,deam_user
data/raw/deam_audio\750.mp3,,happy,deam_750,deam_user
data/raw/deam_audio\756.mp3,,happy,deam_756,deam_user
data/raw/deam_audio\757.mp3,,happy,deam_757,deam_user
data/raw/deam_audio\758.mp3,,happy,deam_758,deam_user
data/raw/deam_audio\759.mp3,,happy,deam_759,deam_user
data/raw/deam_audio\763.mp3,,calm,deam_763,deam_user
data/raw/deam_audio\764.mp3,,happy,deam_764,deam_user
data/raw/deam_audio\767.mp3,,happy,deam_767,deam_user
data/raw/deam_audio\769.mp3,,angry,deam_769,deam_user
data/raw/deam_audio\773.mp3,,sad,deam_773,deam_user
data/raw/deam_audio\775.mp3,,calm,deam_775,deam_user
data/raw/deam_audio\776.mp3,,calm,deam_776,deam_user
data/raw/deam_audio\777.mp3,,happy,deam_777,deam_user
data/raw/deam_audio\779.mp3,,calm,deam_779,deam_user
data/raw/deam_audio\780.mp3,,happy,deam_780,deam_user
data/raw/deam_audio\781.mp3,,calm,deam_781,deam_user
data/raw/deam_audio\782.mp3,,angry,deam_782,deam_user
data/raw/deam_audio\784.mp3,,calm,deam_784,deam_user
data/raw/deam_audio\787.mp3,,happy,deam_787,deam_user
data/raw/deam_audio\789.mp3,,calm,deam_789,deam_user
data/raw/deam_audio\790.mp3,,happy,deam_790,deam_user
data/raw/deam_audio\791.mp3,,calm,deam_791,deam_user
data/raw/deam_audio\794.mp3,,sad,deam_794,deam_user
data/raw/deam_audio\795.mp3,,sad,deam_795,deam_user
data/raw/deam_audio\796.mp3,,happy,deam_796,deam_user
data/raw/deam_audio\797.mp3,,happy,deam_797,deam_user
data/raw/deam_audio\798.mp3,,happy,deam_798,deam_user
data/raw/deam_audio\799.mp3,,calm,deam_799,deam_user
data/raw/deam_audio\800.mp3,,happy,deam_800,deam_user
data/raw/deam_audio\801.mp3,,sad,deam_801,deam_user
data/raw/deam_audio\804.mp3,,happy,deam_804,deam_user
data/raw/deam_audio\805.mp3,,sad,deam_805,deam_user
data/raw/deam_audio\806.mp3,,happy,deam_806,deam_user
data/raw/deam_audio\807.mp3,,happy,deam_807,deam_user
data/raw/deam_audio\808.mp3,,sad,deam_808,deam_user
data/raw/deam_audio\810.mp3,,happy,deam_810,deam_user
data/raw/deam_audio\811.mp3,,sad,deam_811,deam_user
data/raw/deam_audio\813.mp3,,calm,deam_813,deam_user
data/raw/deam_audio\814.mp3,,happy,deam_814,deam_user
data/raw/deam_audio\815.mp3,,happy,deam_815,deam_user
data/raw/deam_audio\818.mp3,,happy,deam_818,deam_user
data/raw/deam_audio\819.mp3,,calm,deam_819,deam_user
data/raw/deam_audio\820.mp3,,happy,deam_820,deam_user
data/raw/deam_audio\823.mp3,,happy,deam_823,deam_user
data/raw/deam_audio\824.mp3,,happy,deam_824,deam_user
data/raw/deam_audio\825.mp3,,happy,deam_825,deam_user
data/raw/deam_audio\826.mp3,,calm,deam_826,deam_user
data/raw/deam_audio\829.mp3,,sad,deam_829,deam_user
data/raw/deam_audio\830.mp3,,happy,deam_830,deam_user
data/raw/deam_audio\831.mp3,,happy,deam_831,deam_user
data/raw/deam_audio\833.mp3,,happy,deam_833,deam_user
data/raw/deam_audio\834.mp3,,sad,deam_834,deam_user
data/raw/deam_audio\836.mp3,,happy,deam_836,deam_user
data/raw/deam_audio\839.mp3,,angry,deam_839,deam_user
data/raw/deam_audio\841.mp3,,angry,deam_841,deam_user
data/raw/deam_audio\844.mp3,,sad,deam_844,deam_user
data/raw/deam_audio\845.mp3,,calm,deam_845,deam_user
data/raw/deam_audio\846.mp3,,angry,deam_846,deam_user
data/raw/deam_audio\848.mp3,,sad,deam_848,deam_user
data/raw/deam_audio\850.mp3,,sad,deam_850,deam_user
data/raw/deam_audio\851.mp3,,angry,deam_851,deam_user
data/raw/deam_audio\852.mp3,,sad,deam_852,deam_user
data/raw/deam_audio\854.mp3,,sad,deam_854,deam_user
data/raw/deam_audio\855.mp3,,sad,deam_855,deam_user
data/raw/deam_audio\856.mp3,,happy,deam_856,deam_user
data/raw/deam_audio\857.mp3,,happy,deam_857,deam_user
data/raw/deam_audio\858.mp3,,sad,deam_858,deam_user
data/raw/deam_audio\859.mp3,,calm,deam_859,deam_user
data/raw/deam_audio\860.mp3,,happy,deam_860,deam_user
data/raw/deam_audio\863.mp3,,happy,deam_863,deam_user
data/raw/deam_audio\864.mp3,,happy,deam_864,deam_user
data/raw/deam_audio\865.mp3,,sad,deam_865,deam_user
data/raw/deam_audio\866.mp3,,happy,deam_866,deam_user
data/raw/deam_audio\867.mp3,,happy,deam_867,deam_user
data/raw/deam_audio\869.mp3,,sad,deam_869,deam_user
data/raw/deam_audio\871.mp3,,angry,deam_871,deam_user
data/raw/deam_audio\872.mp3,,calm,deam_872,deam_user
data/raw/deam_audio\873.mp3,,happy,deam_873,deam_user
data/raw/deam_audio\874.mp3,,angry,deam_874,deam_user
data/raw/deam_audio\876.mp3,,happy,deam_876,deam_user
data/raw/deam_audio\879.mp3,,happy,deam_879,deam_user
data/raw/deam_audio\880.mp3,,angry,deam_880,deam_user
data/raw/deam_audio\882.mp3,,happy,deam_882,deam_user
data/raw/deam_audio\884.mp3,,happy,deam_884,deam_user
data/raw/deam_audio\886.mp3,,happy,deam_886,deam_user
data/raw/deam_audio\887.mp3,,happy,deam_887,deam_user
data/raw/deam_audio\889.mp3,,happy,deam_889,deam_user
data/raw/deam_audio\890.mp3,,sad,deam_890,deam_user
data/raw/deam_audio\891.mp3,,calm,deam_891,deam_user
data/raw/deam_audio\892.mp3,,sad,deam_892,deam_user
data/raw/deam_audio\893.mp3,,angry,deam_893,deam_user
data/raw/deam_audio\897.mp3,,angry,deam_897,deam_user
data/raw/deam_audio\898.mp3,,happy,deam_898,deam_user
data/raw/deam_audio\899.mp3,,happy,deam_899,deam_user
data/raw/deam_audio\902.mp3,,angry,deam_902,deam_user
data/raw/deam_audio\903.mp3,,happy,deam_903,deam_user
data/raw/deam_audio\904.mp3,,angry,deam_904,deam_user
data/raw/deam_audio\908.mp3,,happy,deam_908,deam_user
data/raw/deam_audio\909.mp3,,happy,deam_909,deam_user
data/raw/deam_audio\910.mp3,,happy,deam_910,deam_user
data/raw/deam_audio\911.mp3,,angry,deam_911,deam_user
data/raw/deam_audio\913.mp3,,angry,deam_913,deam_user
data/raw/deam_audio\915.mp3,,happy,deam_915,deam_user
data/raw/deam_audio\921.mp3,,happy,deam_921,deam_user
data/raw/deam_audio\924.mp3,,happy,deam_924,deam_user
data/raw/deam_audio\925.mp3,,sad,deam_925,deam_user
data/raw/deam_audio\926.mp3,,calm,deam_926,deam_user
data/raw/deam_audio\928.mp3,,angry,deam_928,deam_user
data/raw/deam_audio\931.mp3,,happy,deam_931,deam_user
data/raw/deam_audio\932.mp3,,sad,deam_932,deam_user
data/raw/deam_audio\934.mp3,,happy,deam_934,deam_user
data/raw/deam_audio\936.mp3,,happy,deam_936,deam_user
data/raw/deam_audio\938.mp3,,angry,deam_938,deam_user
data/raw/deam_audio\939.mp3,,angry,deam_939,deam_user
data/raw/deam_audio\941.mp3,,happy,deam_941,deam_user
data/raw/deam_audio\942.mp3,,angry,deam_942,deam_user
data/raw/deam_audio\944.mp3,,happy,deam_944,deam_user
data/raw/deam_audio\945.mp3,,sad,deam_945,deam_user
data/raw/deam_audio\949.mp3,,happy,deam_949,deam_user
data/raw/deam_audio\952.mp3,,sad,deam_952,deam_user
data/raw/deam_audio\954.mp3,,happy,deam_954,deam_user
data/raw/deam_audio\955.mp3,,calm,deam_955,deam_user
data/raw/deam_audio\956.mp3,,happy,deam_956,deam_user
data/raw/deam_audio\957.mp3,,sad,deam_957,deam_user
data/raw/deam_audio\958.mp3,,happy,deam_958,deam_user
data/raw/deam_audio\959.mp3,,happy,deam_959,deam_user
data/raw/deam_audio\960.mp3,,happy,deam_960,deam_user
data/raw/deam_audio\961.mp3,,happy,deam_961,deam_user
data/raw/deam_audio\962.mp3,,angry,deam_962,deam_user
data/raw/deam_audio\964.mp3,,happy,deam_964,deam_user
data/raw/deam_audio\967.mp3,,sad,deam_967,deam_user
data/raw/deam_audio\968.mp3,,sad,deam_968,deam_user
data/raw/deam_audio\970.mp3,,happy,deam_970,deam_user
data/raw/deam_audio\973.mp3,,happy,deam_973,deam_user
data/raw/deam_audio\974.mp3,,sad,deam_974,deam_user
data/raw/deam_audio\976.mp3,,happy,deam_976,deam_user
data/raw/deam_audio\977.mp3,,angry,deam_977,deam_user
data/raw/deam_audio\978.mp3,,happy,deam_978,deam_user
data/raw/deam_audio\979.mp3,,calm,deam_979,deam_user
data/raw/deam_audio\980.mp3,,angry,deam_980,deam_user
data/raw/deam_audio\981.mp3,,happy,deam_981,deam_user
data/raw/deam_audio\983.mp3,,happy,deam_983,deam_user
data/raw/deam_audio\985.mp3,,calm,deam_985,deam_user
data/raw/deam_audio\986.mp3,,happy,deam_986,deam_user
data/raw/deam_audio\987.mp3,,angry,deam_987,deam_user
data/raw/deam_audio\988.mp3,,happy,deam_988,deam_user
data/raw/deam_audio\989.mp3,,happy,deam_989,deam_user
data/raw/deam_audio\990.mp3,,happy,deam_990,deam_user
data/raw/deam_audio\991.mp3,,sad,deam_991,deam_user
data/raw/deam_audio\993.mp3,,sad,deam_993,deam_user
data/raw/deam_audio\994.mp3,,happy,deam_994,deam_user
data/raw/deam_audio\995.mp3,,sad,deam_995,deam_user
data/raw/deam_audio\996.mp3,,happy,deam_996,deam_user
data/raw/deam_audio\997.mp3,,happy,deam_997,deam_user
data/raw/deam_audio\999.mp3,,calm,deam_999,deam_user
data/raw/deam_audio\1000.mp3,,happy,deam_1000,deam_user
data/raw/deam_audio\1001.mp3,,angry,deam_1001,deam_user
data/raw/deam_audio\1002.mp3,,sad,deam_1002,deam_user
data/raw/deam_audio\1003.mp3,,happy,deam_1003,deam_user
data/raw/deam_audio\1004.mp3,,angry,deam_1004,deam_user
data/raw/deam_audio\1005.mp3,,happy,deam_1005,deam_user
data/raw/deam_audio\1006.mp3,,happy,deam_1006,deam_user
data/raw/deam_audio\1007.mp3,,happy,deam_1007,deam_user
data/raw/deam_audio\1008.mp3,,happy,deam_1008,deam_user
data/raw/deam_audio\1009.mp3,,angry,deam_1009,deam_user
data/raw/deam_audio\1010.mp3,,happy,deam_1010,deam_user
data/raw/deam_audio\1011.mp3,,calm,deam_1011,deam_user
data/raw/deam_audio\1012.mp3,,happy,deam_1012,deam_user
data/raw/deam_audio\1013.mp3,,angry,deam_1013,deam_user
data/raw/deam_audio\1014.mp3,,happy,deam_1014,deam_user
data/raw/deam_audio\1015.mp3,,happy,deam_1015,deam_user
data/raw/deam_audio\1016.mp3,,sad,deam_1016,deam_user
data/raw/deam_audio\1017.mp3,,happy,deam_1017,deam_user
data/raw/deam_audio\1018.mp3,,sad,deam_1018,deam_user
data/raw/deam_audio\1019.mp3,,sad,deam_1019,deam_user
data/raw/deam_audio\1020.mp3,,sad,deam_1020,deam_user
data/raw/deam_audio\1021.mp3,,happy,deam_1021,deam_user
data/raw/deam_audio\1022.mp3,,sad,deam_1022,deam_user
data/raw/deam_audio\1023.mp3,,sad,deam_1023,deam_user
data/raw/deam_audio\1024.mp3,,sad,deam_1024,deam_user
data/raw/deam_audio\1025.mp3,,happy,deam_1025,deam_user
data/raw/deam_audio\1026.mp3,,sad,deam_1026,deam_user
data/raw/deam_audio\1027.mp3,,happy,deam_1027,deam_user
data/raw/deam_audio\1028.mp3,,happy,deam_1028,deam_user
data/raw/deam_audio\1029.mp3,,angry,deam_1029,deam_user
data/raw/deam_audio\1030.mp3,,happy,deam_1030,deam_user
data/raw/deam_audio\1031.mp3,,happy,deam_1031,deam_user
data/raw/deam_audio\1032.mp3,,angry,deam_1032,deam_user
data/raw/deam_audio\1033.mp3,,happy,deam_1033,deam_user
data/raw/deam_audio\1034.mp3,,sad,deam_1034,deam_user
data/raw/deam_audio\1035.mp3,,calm,deam_1035,deam_user
data/raw/deam_audio\1036.mp3,,sad,deam_1036,deam_user
data/raw/deam_audio\1037.mp3,,happy,deam_1037,deam_user
data/raw/deam_audio\1038.mp3,,happy,deam_1038,deam_user
data/raw/deam_audio\1039.mp3,,happy,deam_1039,deam_user
data/raw/deam_audio\1040.mp3,,happy,deam_1040,deam_user
data/raw/deam_audio\1041.mp3,,happy,deam_1041,deam_user
data/raw/deam_audio\1042.mp3,,happy,deam_1042,deam_user
data/raw/deam_audio\1043.mp3,,happy,deam_1043,deam_user
data/raw/deam_audio\1044.mp3,,happy,deam_1044,deam_user
data/raw/deam_audio\1045.mp3,,angry,deam_1045,deam_user
data/raw/deam_audio\1046.mp3,,happy,deam_1046,deam_user
data/raw/deam_audio\1047.mp3,,happy,deam_1047,deam_user
data/raw/deam_audio\1048.mp3,,happy,deam_1048,deam_user
data/raw/deam_audio\1049.mp3,,happy,deam_1049,deam_user
data/raw/deam_audio\1050.mp3,,happy,deam_1050,deam_user
data/raw/deam_audio\1051.mp3,,happy,deam_1051,deam_user
data/raw/deam_audio\1052.mp3,,angry,deam_1052,deam_user
data/raw/deam_audio\1053.mp3,,happy,deam_1053,deam_user
data/raw/deam_audio\1054.mp3,,angry,deam_1054,deam_user
data/raw/deam_audio\1055.mp3,,angry,deam_1055,deam_user
data/raw/deam_audio\1056.mp3,,happy,deam_1056,deam_user
data/raw/deam_audio\1057.mp3,,angry,deam_1057,deam_user
data/raw/deam_audio\1058.mp3,,angry,deam_1058,deam_user
data/raw/deam_audio\1059.mp3,,angry,deam_1059,deam_user
data/raw/deam_audio\1060.mp3,,happy,deam_1060,deam_user
data/raw/deam_audio\1061.mp3,,happy,deam_1061,deam_user
data/raw/deam_audio\1062.mp3,,happy,deam_1062,deam_user
data/raw/deam_audio\1063.mp3,,happy,deam_1063,deam_user
data/raw/deam_audio\1064.mp3,,happy,deam_1064,deam_user
data/raw/deam_audio\1065.mp3,,happy,deam_1065,deam_user
data/raw/deam_audio\1066.mp3,,happy,deam_1066,deam_user
data/raw/deam_audio\1067.mp3,,sad,deam_1067,deam_user
data/raw/deam_audio\1068.mp3,,happy,deam_1068,deam_user
data/raw/deam_audio\1069.mp3,,happy,deam_1069,deam_user
data/raw/deam_audio\1070.mp3,,happy,deam_1070,deam_user
data/raw/deam_audio\1071.mp3,,happy,deam_1071,deam_user
data/raw/deam_audio\1072.mp3,,happy,deam_1072,deam_user
data/raw/deam_audio\1073.mp3,,happy,deam_1073,deam_user
data/raw/deam_audio\1074.mp3,,happy,deam_1074,deam_user
data/raw/deam_audio\1075.mp3,,happy,deam_1075,deam_user
data/raw/deam_audio\1076.mp3,,happy,deam_1076,deam_user
data/raw/deam_audio\1077.mp3,,happy,deam_1077,deam_user
data/raw/deam_audio\1078.mp3,,happy,deam_1078,deam_user
data/raw/deam_audio\1079.mp3,,happy,deam_1079,deam_user
data/raw/deam_audio\1080.mp3,,happy,deam_1080,deam_user
data/raw/deam_audio\1081.mp3,,happy,deam_1081,deam_user
data/raw/deam_audio\1082.mp3,,happy,deam_1082,deam_user
data/raw/deam_audio\1083.mp3,,happy,deam_1083,deam_user
data/raw/deam_audio\1084.mp3,,happy,deam_1084,deam_user
data/raw/deam_audio\1085.mp3,,happy,deam_1085,deam_user
data/raw/deam_audio\1086.mp3,,happy,deam_1086,deam_user
data/raw/deam_audio\1087.mp3,,happy,deam_1087,deam_user
data/raw/deam_audio\1088.mp3,,happy,deam_1088,deam_user
data/raw/deam_audio\1089.mp3,,happy,deam_1089,deam_user
data/raw/deam_audio\1090.mp3,,happy,deam_1090,deam_user
data/raw/deam_audio\1091.mp3,,happy,deam_1091,deam_user
data/raw/deam_audio\1092.mp3,,happy,deam_1092,deam_user
data/raw/deam_audio\1093.mp3,,happy,deam_1093,deam_user
data/raw/deam_audio\1094.mp3,,happy,deam_1094,deam_user
data/raw/deam_audio\1095.mp3,,happy,deam_1095,deam_user
data/raw/deam_audio\1096.mp3,,angry,deam_1096,deam_user
data/raw/deam_audio\1097.mp3,,happy,deam_1097,deam_user
data/raw/deam_audio\1098.mp3,,happy,deam_1098,deam_user
data/raw/deam_audio\1099.mp3,,happy,deam_1099,deam_user
data/raw/deam_audio\1100.mp3,,happy,deam_1100,deam_user
data/raw/deam_audio\1101.mp3,,calm,deam_1101,deam_user
data/raw/deam_audio\1102.mp3,,angry,deam_1102,deam_user
data/raw/deam_audio\1103.mp3,,sad,deam_1103,deam_user
data/raw/deam_audio\1104.mp3,,happy,deam_1104,deam_user
data/raw/deam_audio\1105.mp3,,angry,deam_1105,deam_user
data/raw/deam_audio\1106.mp3,,angry,deam_1106,deam_user
data/raw/deam_audio\1107.mp3,,sad,deam_1107,deam_user
data/raw/deam_audio\1108.mp3,,sad,deam_1108,deam_user
data/raw/deam_audio\1109.mp3,,sad,deam_1109,deam_user
data/raw/deam_audio\1110.mp3,,happy,deam_1110,deam_user
data/raw/deam_audio\1111.mp3,,angry,deam_1111,deam_user
data/raw/deam_audio\1112.mp3,,sad,deam_1112,deam_user
data/raw/deam_audio\1113.mp3,,sad,deam_1113,deam_user
data/raw/deam_audio\1114.mp3,,sad,deam_1114,deam_user
data/raw/deam_audio\1115.mp3,,happy,deam_1115,deam_user
data/raw/deam_audio\1116.mp3,,calm,deam_1116,deam_user
data/raw/deam_audio\1117.mp3,,sad,deam_1117,deam_user
data/raw/deam_audio\1118.mp3,,calm,deam_1118,deam_user
data/raw/deam_audio\1119.mp3,,sad,deam_1119,deam_user
data/raw/deam_audio\1120.mp3,,sad,deam_1120,deam_user
data/raw/deam_audio\1121.mp3,,sad,deam_1121,deam_user
data/raw/deam_audio\1122.mp3,,happy,deam_1122,deam_user
data/raw/deam_audio\1123.mp3,,sad,deam_1123,deam_user
data/raw/deam_audio\1124.mp3,,happy,deam_1124,deam_user
data/raw/deam_audio\1125.mp3,,calm,deam_1125,deam_user
data/raw/deam_audio\1126.mp3,,sad,deam_1126,deam_user
data/raw/deam_audio\1127.mp3,,sad,deam_1127,deam_user
data/raw/deam_audio\1128.mp3,,sad,deam_1128,deam_user
data/raw/deam_audio\1129.mp3,,sad,deam_1129,deam_user
data/raw/deam_audio\1130.mp3,,happy,deam_1130,deam_user
data/raw/deam_audio\1131.mp3,,sad,deam_1131,deam_user
data/raw/deam_audio\1132.mp3,,calm,deam_1132,deam_user
data/raw/deam_audio\1133.mp3,,calm,deam_1133,deam_user
data/raw/deam_audio\1134.mp3,,sad,deam_1134,deam_user
data/raw/deam_audio\1135.mp3,,sad,deam_1135,deam_user
data/raw/deam_audio\1136.mp3,,calm,deam_1136,deam_user
data/raw/deam_audio\1137.mp3,,angry,deam_1137,deam_user
data/raw/deam_audio\1138.mp3,,happy,deam_1138,deam_user
data/raw/deam_audio\1139.mp3,,calm,deam_1139,deam_user
data/raw/deam_audio\1140.mp3,,happy,deam_1140,deam_user
data/raw/deam_audio\1141.mp3,,calm,deam_1141,deam_user
data/raw/deam_audio\1142.mp3,,sad,deam_1142,deam_user
data/raw/deam_audio\1143.mp3,,angry,deam_1143,deam_user
data/raw/deam_audio\1144.mp3,,angry,deam_1144,deam_user
data/raw/deam_audio\1145.mp3,,calm,deam_1145,deam_user
data/raw/deam_audio\1146.mp3,,sad,deam_1146,deam_user
data/raw/deam_audio\1147.mp3,,happy,deam_1147,deam_user
data/raw/deam_audio\1148.mp3,,sad,deam_1148,deam_user
data/raw/deam_audio\1149.mp3,,sad,deam_1149,deam_user
data/raw/deam_audio\1150.mp3,,sad,deam_1150,deam_user
data/raw/deam_audio\1151.mp3,,angry,deam_1151,deam_user
data/raw/deam_audio\1152.mp3,,happy,deam_1152,deam_user
data/raw/deam_audio\1153.mp3,,sad,deam_1153,deam_user
data/raw/deam_audio\1154.mp3,,sad,deam_1154,deam_user
data/raw/deam_audio\1155.mp3,,angry,deam_1155,deam_user
data/raw/deam_audio\1156.mp3,,happy,deam_1156,deam_user
data/raw/deam_audio\1157.mp3,,happy,deam_1157,deam_user
data/raw/deam_audio\1158.mp3,,happy,deam_1158,deam_user
data/raw/deam_audio\1159.mp3,,happy,deam_1159,deam_user
data/raw/deam_audio\1160.mp3,,happy,deam_1160,deam_user
data/raw/deam_audio\1161.mp3,,angry,deam_1161,deam_user
data/raw/deam_audio\1162.mp3,,sad,deam_1162,deam_user
data/raw/deam_audio\1163.mp3,,happy,deam_1163,deam_user
data/raw/deam_audio\1164.mp3,,sad,deam_1164,deam_user
data/raw/deam_audio\1165.mp3,,calm,deam_1165,deam_user
data/raw/deam_audio\1166.mp3,,calm,deam_1166,deam_user
data/raw/deam_audio\1167.mp3,,sad,deam_1167,deam_user
data/raw/deam_audio\1168.mp3,,happy,deam_1168,deam_user
data/raw/deam_audio\1169.mp3,,sad,deam_1169,deam_user
data/raw/deam_audio\1170.mp3,,sad,deam_1170,deam_user
data/raw/deam_audio\1171.mp3,,sad,deam_1171,deam_user
data/raw/deam_audio\1172.mp3,,sad,deam_1172,deam_user
data/raw/deam_audio\1173.mp3,,sad,deam_1173,deam_user
data/raw/deam_audio\1174.mp3,,sad,deam_1174,deam_user
data/raw/deam_audio\1175.mp3,,angry,deam_1175,deam_user
data/raw/deam_audio\1176.mp3,,calm,deam_1176,deam_user
data/raw/deam_audio\1177.mp3,,happy,deam_1177,deam_user
data/raw/deam_audio\1178.mp3,,happy,deam_1178,deam_user
data/raw/deam_audio\1179.mp3,,angry,deam_1179,deam_user
data/raw/deam_audio\1180.mp3,,sad,deam_1180,deam_user
data/raw/deam_audio\1181.mp3,,angry,deam_1181,deam_user
data/raw/deam_audio\1182.mp3,,sad,deam_1182,deam_user
data/raw/deam_audio\1183.mp3,,sad,deam_1183,deam_user
data/raw/deam_audio\1184.mp3,,sad,deam_1184,deam_user
data/raw/deam_audio\1185.mp3,,happy,deam_1185,deam_user
data/raw/deam_audio\1186.mp3,,sad,deam_1186,deam_user
data/raw/deam_audio\1187.mp3,,happy,deam_1187,deam_user
data/raw/deam_audio\1188.mp3,,calm,deam_1188,deam_user
data/raw/deam_audio\1189.mp3,,calm,deam_1189,deam_user
data/raw/deam_audio\1190.mp3,,sad,deam_1190,deam_user
data/raw/deam_audio\1191.mp3,,calm,deam_1191,deam_user
data/raw/deam_audio\1192.mp3,,calm,deam_1192,deam_user
data/raw/deam_audio\1193.mp3,,happy,deam_1193,deam_user
data/raw/deam_audio\1194.mp3,,sad,deam_1194,deam_user
data/raw/deam_audio\1195.mp3,,angry,deam_1195,deam_user
data/raw/deam_audio\1196.mp3,,sad,deam_1196,deam_user
data/raw/deam_audio\1197.mp3,,calm,deam_1197,deam_user
data/raw/deam_audio\1198.mp3,,sad,deam_1198,deam_user
data/raw/deam_audio\1199.mp3,,angry,deam_1199,deam_user
data/raw/deam_audio\1200.mp3,,sad,deam_1200,deam_user
data/raw/deam_audio\1201.mp3,,happy,deam_1201,deam_user
data/raw/deam_audio\1202.mp3,,sad,deam_1202,deam_user
data/raw/deam_audio\1203.mp3,,angry,deam_1203,deam_user
data/raw/deam_audio\1204.mp3,,happy,deam_1204,deam_user
data/raw/deam_audio\1205.mp3,,happy,deam_1205,deam_user
data/raw/deam_audio\1206.mp3,,happy,deam_1206,deam_user
data/raw/deam_audio\1207.mp3,,happy,deam_1207,deam_user
data/raw/deam_audio\1208.mp3,,happy,deam_1208,deam_user
data/raw/deam_audio\1209.mp3,,calm,deam_1209,deam_user
data/raw/deam_audio\1210.mp3,,sad,deam_1210,deam_user
data/raw/deam_audio\1211.mp3,,happy,deam_1211,deam_user
data/raw/deam_audio\1212.mp3,,sad,deam_1212,deam_user
data/raw/deam_audio\1213.mp3,,sad,deam_1213,deam_user
data/raw/deam_audio\1214.mp3,,happy,deam_1214,deam_user
data/raw/deam_audio\1215.mp3,,happy,deam_1215,deam_user
data/raw/deam_audio\1216.mp3,,happy,deam_1216,deam_user
data/raw/deam_audio\1217.mp3,,sad,deam_1217,deam_user
data/raw/deam_audio\1218.mp3,,happy,deam_1218,deam_user
data/raw/deam_audio\1219.mp3,,sad,deam_1219,deam_user
data/raw/deam_audio\1220.mp3,,sad,deam_1220,deam_user
data/raw/deam_audio\1221.mp3,,happy,deam_1221,deam_user
data/raw/deam_audio\1222.mp3,,angry,deam_1222,deam_user
data/raw/deam_audio\1223.mp3,,angry,deam_1223,deam_user
data/raw/deam_audio\1224.mp3,,happy,deam_1224,deam_user
data/raw/deam_audio\1225.mp3,,angry,deam_1225,deam_user
data/raw/deam_audio\1226.mp3,,angry,deam_1226,deam_user
data/raw/deam_audio\1227.mp3,,happy,deam_1227,deam_user
data/raw/deam_audio\1228.mp3,,calm,deam_1228,deam_user
data/raw/deam_audio\1229.mp3,,happy,deam_1229,deam_user
data/raw/deam_audio\1230.mp3,,happy,deam_1230,deam_user
data/raw/deam_audio\1231.mp3,,happy,deam_1231,deam_user
data/raw/deam_audio\1232.mp3,,happy,deam_1232,deam_user
data/raw/deam_audio\1233.mp3,,happy,deam_1233,deam_user
data/raw/deam_audio\1234.mp3,,calm,deam_1234,deam_user
data/raw/deam_audio\1235.mp3,,happy,deam_1235,deam_user
data/raw/deam_audio\1236.mp3,,happy,deam_1236,deam_user
data/raw/deam_audio\1237.mp3,,happy,deam_1237,deam_user
data/raw/deam_audio\1238.mp3,,happy,deam_1238,deam_user
data/raw/deam_audio\1239.mp3,,happy,deam_1239,deam_user
data/raw/deam_audio\1240.mp3,,sad,deam_1240,deam_user
data/raw/deam_audio\1241.mp3,,happy,deam_1241,deam_user
data/raw/deam_audio\1242.mp3,,happy,deam_1242,deam_user
data/raw/deam_audio\1243.mp3,,happy,deam_1243,deam_user
data/raw/deam_audio\1244.mp3,,angry,deam_1244,deam_user
data/raw/deam_audio\1245.mp3,,happy,deam_1245,deam_user
data/raw/deam_audio\1246.mp3,,calm,deam_1246,deam_user
data/raw/deam_audio\1247.mp3,,angry,deam_1247,deam_user
data/raw/deam_audio\1248.mp3,,sad,deam_1248,deam_user
data/raw/deam_audio\1249.mp3,,happy,deam_1249,deam_user
data/raw/deam_audio\1250.mp3,,happy,deam_1250,deam_user
data/raw/deam_audio\1251.mp3,,happy,deam_1251,deam_user
data/raw/deam_audio\1252.mp3,,happy,deam_1252,deam_user
data/raw/deam_audio\1253.mp3,,sad,deam_1253,deam_user
data/raw/deam_audio\1254.mp3,,happy,deam_1254,deam_user
data/raw/deam_audio\1255.mp3,,sad,deam_1255,deam_user
data/raw/deam_audio\1256.mp3,,happy,deam_1256,deam_user
data/raw/deam_audio\1257.mp3,,happy,deam_1257,deam_user
data/raw/deam_audio\1258.mp3,,happy,deam_1258,deam_user
data/raw/deam_audio\1259.mp3,,sad,deam_1259,deam_user
data/raw/deam_audio\1260.mp3,,happy,deam_1260,deam_user
data/raw/deam_audio\1261.mp3,,sad,deam_1261,deam_user
data/raw/deam_audio\1262.mp3,,happy,deam_1262,deam_user
data/raw/deam_audio\1263.mp3,,happy,deam_1263,deam_user
data/raw/deam_audio\1264.mp3,,happy,deam_1264,deam_user
data/raw/deam_audio\1265.mp3,,happy,deam_1265,deam_user
data/raw/deam_audio\1266.mp3,,happy,deam_1266,deam_user
data/raw/deam_audio\1267.mp3,,calm,deam_1267,deam_user
data/raw/deam_audio\1268.mp3,,calm,deam_1268,deam_user
data/raw/deam_audio\1269.mp3,,angry,deam_1269,deam_user
data/raw/deam_audio\1270.mp3,,happy,deam_1270,deam_user
data/raw/deam_audio\1271.mp3,,happy,deam_1271,deam_user
data/raw/deam_audio\1272.mp3,,sad,deam_1272,deam_user
data/raw/deam_audio\1273.mp3,,angry,deam_1273,deam_user
data/raw/deam_audio\1274.mp3,,happy,deam_1274,deam_user
data/raw/deam_audio\1275.mp3,,sad,deam_1275,deam_user
data/raw/deam_audio\1276.mp3,,happy,deam_1276,deam_user
data/raw/deam_audio\1277.mp3,,sad,deam_1277,deam_user
data/raw/deam_audio\1278.mp3,,happy,deam_1278,deam_user
data/raw/deam_audio\1279.mp3,,happy,deam_1279,deam_user
data/raw/deam_audio\1280.mp3,,happy,deam_1280,deam_user
data/raw/deam_audio\1281.mp3,,happy,deam_1281,deam_user
data/raw/deam_audio\1282.mp3,,happy,deam_1282,deam_user
data/raw/deam_audio\1283.mp3,,angry,deam_1283,deam_user
data/raw/deam_audio\1284.mp3,,happy,deam_1284,deam_user
data/raw/deam_audio\1285.mp3,,happy,deam_1285,deam_user
data/raw/deam_audio\1286.mp3,,calm,deam_1286,deam_user
data/raw/deam_audio\1287.mp3,,happy,deam_1287,deam_user
data/raw/deam_audio\1288.mp3,,happy,deam_1288,deam_user
data/raw/deam_audio\1289.mp3,,happy,deam_1289,deam_user
data/raw/deam_audio\1290.mp3,,happy,deam_1290,deam_user
data/raw/deam_audio\1291.mp3,,angry,deam_1291,deam_user
data/raw/deam_audio\1292.mp3,,happy,deam_1292,deam_user
data/raw/deam_audio\1293.mp3,,happy,deam_1293,deam_user
data/raw/deam_audio\1294.mp3,,happy,deam_1294,deam_user
data/raw/deam_audio\1295.mp3,,happy,deam_1295,deam_user
data/raw/deam_audio\1296.mp3,,happy,deam_1296,deam_user
data/raw/deam_audio\1297.mp3,,calm,deam_1297,deam_user
data/raw/deam_audio\1298.mp3,,happy,deam_1298,deam_user
data/raw/deam_audio\1299.mp3,,happy,deam_1299,deam_user
data/raw/deam_audio\1300.mp3,,happy,deam_1300,deam_user
data/raw/deam_audio\1301.mp3,,calm,deam_1301,deam_user
data/raw/deam_audio\1302.mp3,,happy,deam_1302,deam_user
data/raw/deam_audio\1303.mp3,,happy,deam_1303,deam_user
data/raw/deam_audio\1304.mp3,,happy,deam_1304,deam_user
data/raw/deam_audio\1305.mp3,,happy,deam_1305,deam_user
data/raw/deam_audio\1306.mp3,,happy,deam_1306,deam_user
data/raw/deam_audio\1307.mp3,,happy,deam_1307,deam_user
data/raw/deam_audio\1308.mp3,,happy,deam_1308,deam_user
data/raw/deam_audio\1309.mp3,,happy,deam_1309,deam_user
data/raw/deam_audio\1310.mp3,,happy,deam_1310,deam_user
data/raw/deam_audio\1311.mp3,,sad,deam_1311,deam_user
data/raw/deam_audio\1312.mp3,,happy,deam_1312,deam_user
data/raw/deam_audio\1313.mp3,,happy,deam_1313,deam_user
data/raw/deam_audio\1314.mp3,,happy,deam_1314,deam_user
data/raw/deam_audio\1315.mp3,,happy,deam_1315,deam_user
data/raw/deam_audio\1316.mp3,,happy,deam_1316,deam_user
data/raw/deam_audio\1317.mp3,,happy,deam_1317,deam_user
data/raw/deam_audio\1318.mp3,,happy,deam_1318,deam_user
data/raw/deam_audio\1319.mp3,,happy,deam_1319,deam_user
data/raw/deam_audio\1320.mp3,,angry,deam_1320,deam_user
data/raw/deam_audio\1321.mp3,,happy,deam_1321,deam_user
data/raw/deam_audio\1322.mp3,,happy,deam_1322,deam_user
data/raw/deam_audio\1323.mp3,,happy,deam_1323,deam_user
data/raw/deam_audio\1324.mp3,,happy,deam_1324,deam_user
data/raw/deam_audio\1325.mp3,,happy,deam_1325,deam_user
data/raw/deam_audio\1326.mp3,,happy,deam_1326,deam_user
data/raw/deam_audio\1327.mp3,,calm,deam_1327,deam_user
data/raw/deam_audio\1328.mp3,,calm,deam_1328,deam_user
data/raw/deam_audio\1329.mp3,,happy,deam_1329,deam_user
data/raw/deam_audio\1330.mp3,,happy,deam_1330,deam_user
data/raw/deam_audio\1331.mp3,,happy,deam_1331,deam_user
data/raw/deam_audio\1332.mp3,,sad,deam_1332,deam_user
data/raw/deam_audio\1333.mp3,,angry,deam_1333,deam_user
data/raw/deam_audio\1334.mp3,,angry,deam_1334,deam_user
data/raw/deam_audio\1335.mp3,,happy,deam_1335,deam_user
data/raw/deam_audio\1336.mp3,,calm,deam_1336,deam_user
data/raw/deam_audio\1337.mp3,,happy,deam_1337,deam_user
data/raw/deam_audio\1338.mp3,,happy,deam_1338,deam_user
data/raw/deam_audio\1339.mp3,,happy,deam_1339,deam_user
data/raw/deam_audio\1340.mp3,,happy,deam_1340,deam_user
data/raw/deam_audio\1341.mp3,,sad,deam_1341,deam_user
data/raw/deam_audio\1342.mp3,,happy,deam_1342,deam_user
data/raw/deam_audio\1343.mp3,,happy,deam_1343,deam_user
data/raw/deam_audio\1344.mp3,,happy,deam_1344,deam_user
data/raw/deam_audio\1345.mp3,,angry,deam_1345,deam_user
data/raw/deam_audio\1346.mp3,,happy,deam_1346,deam_user
data/raw/deam_audio\1347.mp3,,happy,deam_1347,deam_user
data/raw/deam_audio\1348.mp3,,happy,deam_1348,deam_user
data/raw/deam_audio\1349.mp3,,happy,deam_1349,deam_user
data/raw/deam_audio\1350.mp3,,sad,deam_1350,deam_user
data/raw/deam_audio\1351.mp3,,happy,deam_1351,deam_user
data/raw/deam_audio\1352.mp3,,happy,deam_1352,deam_user
data/raw/deam_audio\1353.mp3,,happy,deam_1353,deam_user
data/raw/deam_audio\1354.mp3,,calm,deam_1354,deam_user
data/raw/deam_audio\1355.mp3,,calm,deam_1355,deam_user
data/raw/deam_audio\1356.mp3,,happy,deam_1356,deam_user
data/raw/deam_audio\1357.mp3,,angry,deam_1357,deam_user
data/raw/deam_audio\1358.mp3,,happy,deam_1358,deam_user
data/raw/deam_audio\1359.mp3,,angry,deam_1359,deam_user
data/raw/deam_audio\1360.mp3,,calm,deam_1360,deam_user
data/raw/deam_audio\1361.mp3,,calm,deam_1361,deam_user
data/raw/deam_audio\1362.mp3,,angry,deam_1362,deam_user
data/raw/deam_audio\1363.mp3,,happy,deam_1363,deam_user
data/raw/deam_audio\1364.mp3,,angry,deam_1364,deam_user
data/raw/deam_audio\1365.mp3,,happy,deam_1365,deam_user
data/raw/deam_audio\1366.mp3,,happy,deam_1366,deam_user
data/raw/deam_audio\1367.mp3,,happy,deam_1367,deam_user
data/raw/deam_audio\1368.mp3,,sad,deam_1368,deam_user
data/raw/deam_audio\1369.mp3,,happy,deam_1369,deam_user
data/raw/deam_audio\1370.mp3,,angry,deam_1370,deam_user
data/raw/deam_audio\1371.mp3,,happy,deam_1371,deam_user
data/raw/deam_audio\1372.mp3,,happy,deam_1372,deam_user
data/raw/deam_audio\1373.mp3,,happy,deam_1373,deam_user
data/raw/deam_audio\1374.mp3,,happy,deam_1374,deam_user
data/raw/deam_audio\1375.mp3,,happy,deam_1375,deam_user
data/raw/deam_audio\1376.mp3,,happy,deam_1376,deam_user
data/raw/deam_audio\1377.mp3,,sad,deam_1377,deam_user
data/raw/deam_audio\1378.mp3,,happy,deam_1378,deam_user
data/raw/deam_audio\1379.mp3,,happy,deam_1379,deam_user
data/raw/deam_audio\1380.mp3,,happy,deam_1380,deam_user
data/raw/deam_audio\1381.mp3,,happy,deam_1381,deam_user
data/raw/deam_audio\1382.mp3,,happy,deam_1382,deam_user
data/raw/deam_audio\1383.mp3,,calm,deam_1383,deam_user
data/raw/deam_audio\1384.mp3,,happy,deam_1384,deam_user
data/raw/deam_audio\1385.mp3,,happy,deam_1385,deam_user
data/raw/deam_audio\1386.mp3,,happy,deam_1386,deam_user
data/raw/deam_audio\1387.mp3,,happy,deam_1387,deam_user
data/raw/deam_audio\1388.mp3,,happy,deam_1388,deam_user
data/raw/deam_audio\1389.mp3,,sad,deam_1389,deam_user
data/raw/deam_audio\1390.mp3,,happy,deam_1390,deam_user
data/raw/deam_audio\1391.mp3,,angry,deam_1391,deam_user
data/raw/deam_audio\1392.mp3,,happy,deam_1392,deam_user
data/raw/deam_audio\1393.mp3,,happy,deam_1393,deam_user
data/raw/deam_audio\1394.mp3,,happy,deam_1394,deam_user
data/raw/deam_audio\1395.mp3,,sad,deam_1395,deam_user
data/raw/deam_audio\1396.mp3,,happy,deam_1396,deam_user
data/raw/deam_audio\1397.mp3,,sad,deam_1397,deam_user
data/raw/deam_audio\1398.mp3,,happy,deam_1398,deam_user
data/raw/deam_audio\1399.mp3,,happy,deam_1399,deam_user
data/raw/deam_audio\1400.mp3,,happy,deam_1400,deam_user
data/raw/deam_audio\1401.mp3,,happy,deam_1401,deam_user
data/raw/deam_audio\1402.mp3,,calm,deam_1402,deam_user
data/raw/deam_audio\1403.mp3,,happy,deam_1403,deam_user
data/raw/deam_audio\1404.mp3,,sad,deam_1404,deam_user
data/raw/deam_audio\1405.mp3,,sad,deam_1405,deam_user
data/raw/deam_audio\1406.mp3,,happy,deam_1406,deam_user
data/raw/deam_audio\1407.mp3,,sad,deam_1407,deam_user
data/raw/deam_audio\1408.mp3,,angry,deam_1408,deam_user
data/raw/deam_audio\1409.mp3,,happy,deam_1409,deam_user
data/raw/deam_audio\1410.mp3,,happy,deam_1410,deam_user
data/raw/deam_audio\1411.mp3,,sad,deam_1411,deam_user
data/raw/deam_audio\1412.mp3,,calm,deam_1412,deam_user
data/raw/deam_audio\1413.mp3,,happy,deam_1413,deam_user
data/raw/deam_audio\1414.mp3,,angry,deam_1414,deam_user
data/raw/deam_audio\1415.mp3,,happy,deam_1415,deam_user
data/raw/deam_audio\1416.mp3,,sad,deam_1416,deam_user
data/raw/deam_audio\1417.mp3,,sad,deam_1417,deam_user
data/raw/deam_audio\1418.mp3,,happy,deam_1418,deam_user
data/raw/deam_audio\1419.mp3,,sad,deam_1419,deam_user
data/raw/deam_audio\1420.mp3,,calm,deam_1420,deam_user
data/raw/deam_audio\1421.mp3,,happy,deam_1421,deam_user
data/raw/deam_audio\1422.mp3,,calm,deam_1422,deam_user
data/raw/deam_audio\1423.mp3,,angry,deam_1423,deam_user
data/raw/deam_audio\1424.mp3,,angry,deam_1424,deam_user
data/raw/deam_audio\1425.mp3,,happy,deam_1425,deam_user
data/raw/deam_audio\1426.mp3,,happy,deam_1426,deam_user
data/raw/deam_audio\1427.mp3,,happy,deam_1427,deam_user
data/raw/deam_audio\1428.mp3,,calm,deam_1428,deam_user
data/raw/deam_audio\1429.mp3,,sad,deam_1429,deam_user
data/raw/deam_audio\1430.mp3,,calm,deam_1430,deam_user
data/raw/deam_audio\1431.mp3,,sad,deam_1431,deam_user
data/raw/deam_audio\1432.mp3,,sad,deam_1432,deam_user
data/raw/deam_audio\1433.mp3,,angry,deam_1433,deam_user
data/raw/deam_audio\1434.mp3,,sad,deam_1434,deam_user
data/raw/deam_audio\1435.mp3,,angry,deam_1435,deam_user
data/raw/deam_audio\1436.mp3,,happy,deam_1436,deam_user
data/raw/deam_audio\1437.mp3,,happy,deam_1437,deam_user
data/raw/deam_audio\1438.mp3,,sad,deam_1438,deam_user
data/raw/deam_audio\1439.mp3,,sad,deam_1439,deam_user
data/raw/deam_audio\1440.mp3,,happy,deam_1440,deam_user
data/raw/deam_audio\1441.mp3,,calm,deam_1441,deam_user
data/raw/deam_audio\1442.mp3,,calm,deam_1442,deam_user
data/raw/deam_audio\1443.mp3,,happy,deam_1443,deam_user
data/raw/deam_audio\1444.mp3,,calm,deam_1444,deam_user
data/raw/deam_audio\1445.mp3,,happy,deam_1445,deam_user
data/raw/deam_audio\1446.mp3,,calm,deam_1446,deam_user
data/raw/deam_audio\1447.mp3,,happy,deam_1447,deam_user
data/raw/deam_audio\1448.mp3,,happy,deam_1448,deam_user
data/raw/deam_audio\1449.mp3,,happy,deam_1449,deam_user
data/raw/deam_audio\1450.mp3,,happy,deam_1450,deam_user
data/raw/deam_audio\1451.mp3,,happy,deam_1451,deam_user
data/raw/deam_audio\1452.mp3,,happy,deam_1452,deam_user
data/raw/deam_audio\1453.mp3,,happy,deam_1453,deam_user
data/raw/deam_audio\1454.mp3,,happy,deam_1454,deam_user
data/raw/deam_audio\1455.mp3,,happy,deam_1455,deam_user
data/raw/deam_audio\1456.mp3,,sad,deam_1456,deam_user
data/raw/deam_audio\1457.mp3,,happy,deam_1457,deam_user
data/raw/deam_audio\1458.mp3,,happy,deam_1458,deam_user
data/raw/deam_audio\1459.mp3,,happy,deam_1459,deam_user
data/raw/deam_audio\1460.mp3,,happy,deam_1460,deam_user
data/raw/deam_audio\1461.mp3,,happy,deam_1461,deam_user
data/raw/deam_audio\1462.mp3,,happy,deam_1462,deam_user
data/raw/deam_audio\1463.mp3,,sad,deam_1463,deam_user
data/raw/deam_audio\1464.mp3,,happy,deam_1464,deam_user
data/raw/deam_audio\1465.mp3,,happy,deam_1465,deam_user
data/raw/deam_audio\1466.mp3,,happy,deam_1466,deam_user
data/raw/deam_audio\1467.mp3,,angry,deam_1467,deam_user
data/raw/deam_audio\1468.mp3,,sad,deam_1468,deam_user
data/raw/deam_audio\1469.mp3,,angry,deam_1469,deam_user
data/raw/deam_audio\1470.mp3,,calm,deam_1470,deam_user
data/raw/deam_audio\1471.mp3,,happy,deam_1471,deam_user
data/raw/deam_audio\1472.mp3,,happy,deam_1472,deam_user
data/raw/deam_audio\1473.mp3,,happy,deam_1473,deam_user
data/raw/deam_audio\1474.mp3,,happy,deam_1474,deam_user
data/raw/deam_audio\1475.mp3,,sad,deam_1475,deam_user
data/raw/deam_audio\1476.mp3,,angry,deam_1476,deam_user
data/raw/deam_audio\1477.mp3,,happy,deam_1477,deam_user
data/raw/deam_audio\1478.mp3,,sad,deam_1478,deam_user
data/raw/deam_audio\1479.mp3,,happy,deam_1479,deam_user
data/raw/deam_audio\1480.mp3,,happy,deam_1480,deam_user
data/raw/deam_audio\1481.mp3,,happy,deam_1481,deam_user
data/raw/deam_audio\1482.mp3,,happy,deam_1482,deam_user
data/raw/deam_audio\1483.mp3,,angry,deam_1483,deam_user
data/raw/deam_audio\1484.mp3,,happy,deam_1484,deam_user
data/raw/deam_audio\1485.mp3,,happy,deam_1485,deam_user
data/raw/deam_audio\1486.mp3,,sad,deam_1486,deam_user
data/raw/deam_audio\1487.mp3,,sad,deam_1487,deam_user
data/raw/deam_audio\1488.mp3,,happy,deam_1488,deam_user
data/raw/deam_audio\1489.mp3,,happy,deam_1489,deam_user
data/raw/deam_audio\1490.mp3,,angry,deam_1490,deam_user
data/raw/deam_audio\1491.mp3,,happy,deam_1491,deam_user
data/raw/deam_audio\1492.mp3,,sad,deam_1492,deam_user
data/raw/deam_audio\1493.mp3,,happy,deam_1493,deam_user
data/raw/deam_audio\1494.mp3,,happy,deam_1494,deam_user
data/raw/deam_audio\1495.mp3,,happy,deam_1495,deam_user
data/raw/deam_audio\1496.mp3,,happy,deam_1496,deam_user
data/raw/deam_audio\1497.mp3,,happy,deam_1497,deam_user
data/raw/deam_audio\1498.mp3,,happy,deam_1498,deam_user
data/raw/deam_audio\1499.mp3,,happy,deam_1499,deam_user
data/raw/deam_audio\1500.mp3,,angry,deam_1500,deam_user
data/raw/deam_audio\1501.mp3,,happy,deam_1501,deam_user
data/raw/deam_audio\1502.mp3,,happy,deam_1502,deam_user
data/raw/deam_audio\1503.mp3,,happy,deam_1503,deam_user
data/raw/deam_audio\1504.mp3,,happy,deam_1504,deam_user
data/raw/deam_audio\1505.mp3,,angry,deam_1505,deam_user
data/raw/deam_audio\1506.mp3,,happy,deam_1506,deam_user
data/raw/deam_audio\1507.mp3,,happy,deam_1507,deam_user
data/raw/deam_audio\1508.mp3,,happy,deam_1508,deam_user
data/raw/deam_audio\1509.mp3,,happy,deam_1509,deam_user
data/raw/deam_audio\1510.mp3,,happy,deam_1510,deam_user
data/raw/deam_audio\1511.mp3,,happy,deam_1511,deam_user
data/raw/deam_audio\1512.mp3,,angry,deam_1512,deam_user
data/raw/deam_audio\1513.mp3,,happy,deam_1513,deam_user
data/raw/deam_audio\1514.mp3,,angry,deam_1514,deam_user
data/raw/deam_audio\1515.mp3,,angry,deam_1515,deam_user
data/raw/deam_audio\1516.mp3,,happy,deam_1516,deam_user
data/raw/deam_audio\1517.mp3,,happy,deam_1517,deam_user
data/raw/deam_audio\1518.mp3,,happy,deam_1518,deam_user
data/raw/deam_audio\1519.mp3,,happy,deam_1519,deam_user
data/raw/deam_audio\1520.mp3,,happy,deam_1520,deam_user
data/raw/deam_audio\1521.mp3,,happy,deam_1521,deam_user
data/raw/deam_audio\1522.mp3,,happy,deam_1522,deam_user
data/raw/deam_audio\1523.mp3,,happy,deam_1523,deam_user
data/raw/deam_audio\1524.mp3,,happy,deam_1524,deam_user
data/raw/deam_audio\1525.mp3,,happy,deam_1525,deam_user
data/raw/deam_audio\1526.mp3,,happy,deam_1526,deam_user
data/raw/deam_audio\1527.mp3,,angry,deam_1527,deam_user
data/raw/deam_audio\1528.mp3,,happy,deam_1528,deam_user
data/raw/deam_audio\1529.mp3,,happy,deam_1529,deam_user
data/raw/deam_audio\1530.mp3,,happy,deam_1530,deam_user
data/raw/deam_audio\1531.mp3,,happy,deam_1531,deam_user
data/raw/deam_audio\1532.mp3,,happy,deam_1532,deam_user
data/raw/deam_audio\1533.mp3,,happy,deam_1533,deam_user
data/raw/deam_audio\1534.mp3,,happy,deam_1534,deam_user
data/raw/deam_audio\1535.mp3,,happy,deam_1535,deam_user
data/raw/deam_audio\1536.mp3,,happy,deam_1536,deam_user
data/raw/deam_audio\1537.mp3,,happy,deam_1537,deam_user
data/raw/deam_audio\1538.mp3,,happy,deam_1538,deam_user
data/raw/deam_audio\1539.mp3,,happy,deam_1539,deam_user
data/raw/deam_audio\1540.mp3,,happy,deam_1540,deam_user
data/raw/deam_audio\1541.mp3,,happy,deam_1541,deam_user
data/raw/deam_audio\1542.mp3,,happy,deam_1542,deam_user
data/raw/deam_audio\1543.mp3,,happy,deam_1543,deam_user
data/raw/deam_audio\1544.mp3,,happy,deam_1544,deam_user
data/raw/deam_audio\1545.mp3,,happy,deam_1545,deam_user
data/raw/deam_audio\1546.mp3,,happy,deam_1546,deam_user
data/raw/deam_audio\1547.mp3,,angry,deam_1547,deam_user
data/raw/deam_audio\1548.mp3,,happy,deam_1548,deam_user
data/raw/deam_audio\1549.mp3,,happy,deam_1549,deam_user
data/raw/deam_audio\1550.mp3,,happy,deam_1550,deam_user
data/raw/deam_audio\1551.mp3,,happy,deam_1551,deam_user
data/raw/deam_audio\1552.mp3,,happy,deam_1552,deam_user
data/raw/deam_audio\1553.mp3,,happy,deam_1553,deam_user
data/raw/deam_audio\1554.mp3,,happy,deam_1554,deam_user
data/raw/deam_audio\1555.mp3,,sad,deam_1555,deam_user
data/raw/deam_audio\1556.mp3,,happy,deam_1556,deam_user
data/raw/deam_audio\1557.mp3,,happy,deam_1557,deam_user
data/raw/deam_audio\1558.mp3,,angry,deam_1558,deam_user
data/raw/deam_audio\1559.mp3,,happy,deam_1559,deam_user
data/raw/deam_audio\1560.mp3,,happy,deam_1560,deam_user
data/raw/deam_audio\1561.mp3,,happy,deam_1561,deam_user
data/raw/deam_audio\1562.mp3,,angry,deam_1562,deam_user
data/raw/deam_audio\1563.mp3,,happy,deam_1563,deam_user
data/raw/deam_audio\1564.mp3,,happy,deam_1564,deam_user
data/raw/deam_audio\1565.mp3,,happy,deam_1565,deam_user
data/raw/deam_audio\1566.mp3,,happy,deam_1566,deam_user
data/raw/deam_audio\1567.mp3,,angry,deam_1567,deam_user
data/raw/deam_audio\1568.mp3,,happy,deam_1568,deam_user
data/raw/deam_audio\1569.mp3,,happy,deam_1569,deam_user
data/raw/deam_audio\1570.mp3,,happy,deam_1570,deam_user
data/raw/deam_audio\1571.mp3,,happy,deam_1571,deam_user
data/raw/deam_audio\1572.mp3,,happy,deam_1572,deam_user
data/raw/deam_audio\1573.mp3,,calm,deam_1573,deam_user
data/raw/deam_audio\1574.mp3,,happy,deam_1574,deam_user
data/raw/deam_audio\1575.mp3,,happy,deam_1575,deam_user
data/raw/deam_audio\1576.mp3,,calm,deam_1576,deam_user
data/raw/deam_audio\1577.mp3,,happy,deam_1577,deam_user
data/raw/deam_audio\1578.mp3,,happy,deam_1578,deam_user
data/raw/deam_audio\1579.mp3,,happy,deam_1579,deam_user
data/raw/deam_audio\1580.mp3,,happy,deam_1580,deam_user
data/raw/deam_audio\1581.mp3,,happy,deam_1581,deam_user
data/raw/deam_audio\1582.mp3,,happy,deam_1582,deam_user
data/raw/deam_audio\1583.mp3,,happy,deam_1583,deam_user
data/raw/deam_audio\1584.mp3,,happy,deam_1584,deam_user
data/raw/deam_audio\1585.mp3,,calm,deam_1585,deam_user
data/raw/deam_audio\1586.mp3,,angry,deam_1586,deam_user
data/raw/deam_audio\1587.mp3,,happy,deam_1587,deam_user
data/raw/deam_audio\1588.mp3,,happy,deam_1588,deam_user
data/raw/deam_audio\1589.mp3,,happy,deam_1589,deam_user
data/raw/deam_audio\1590.mp3,,angry,deam_1590,deam_user
data/raw/deam_audio\1591.mp3,,happy,deam_1591,deam_user
data/raw/deam_audio\1592.mp3,,happy,deam_1592,deam_user
data/raw/deam_audio\1593.mp3,,calm,deam_1593,deam_user
data/raw/deam_audio\1594.mp3,,happy,deam_1594,deam_user
data/raw/deam_audio\1595.mp3,,happy,deam_1595,deam_user
data/raw/deam_audio\1596.mp3,,happy,deam_1596,deam_user
data/raw/deam_audio\1597.mp3,,happy,deam_1597,deam_user
data/raw/deam_audio\1598.mp3,,angry,deam_1598,deam_user
data/raw/deam_audio\1599.mp3,,angry,deam_1599,deam_user
data/raw/deam_audio\1600.mp3,,happy,deam_1600,deam_user
data/raw/deam_audio\1601.mp3,,happy,deam_1601,deam_user
data/raw/deam_audio\1602.mp3,,happy,deam_1602,deam_user
data/raw/deam_audio\1603.mp3,,happy,deam_1603,deam_user
data/raw/deam_audio\1604.mp3,,calm,deam_1604,deam_user
data/raw/deam_audio\1605.mp3,,happy,deam_1605,deam_user
data/raw/deam_audio\1606.mp3,,happy,deam_1606,deam_user
data/raw/deam_audio\1607.mp3,,calm,deam_1607,deam_user
data/raw/deam_audio\1608.mp3,,happy,deam_1608,deam_user
data/raw/deam_audio\1609.mp3,,happy,deam_1609,deam_user
data/raw/deam_audio\1610.mp3,,happy,deam_1610,deam_user
data/raw/deam_audio\1611.mp3,,happy,deam_1611,deam_user
data/raw/deam_audio\1612.mp3,,sad,deam_1612,deam_user
data/raw/deam_audio\1613.mp3,,happy,deam_1613,deam_user
data/raw/deam_audio\1614.mp3,,calm,deam_1614,deam_user
data/raw/deam_audio\1615.mp3,,calm,deam_1615,deam_user
data/raw/deam_audio\1616.mp3,,happy,deam_1616,deam_user
data/raw/deam_audio\1617.mp3,,happy,deam_1617,deam_user
data/raw/deam_audio\1618.mp3,,calm,deam_1618,deam_user
data/raw/deam_audio\1619.mp3,,happy,deam_1619,deam_user
data/raw/deam_audio\1620.mp3,,happy,deam_1620,deam_user
data/raw/deam_audio\1621.mp3,,happy,deam_1621,deam_user
data/raw/deam_audio\1622.mp3,,happy,deam_1622,deam_user
data/raw/deam_audio\1623.mp3,,happy,deam_1623,deam_user
data/raw/deam_audio\1624.mp3,,happy,deam_1624,deam_user
data/raw/deam_audio\1625.mp3,,happy,deam_1625,deam_user
data/raw/deam_audio\1626.mp3,,happy,deam_1626,deam_user
data/raw/deam_audio\1627.mp3,,happy,deam_1627,deam_user
data/raw/deam_audio\1628.mp3,,happy,deam_1628,deam_user
data/raw/deam_audio\1629.mp3,,happy,deam_1629,deam_user
data/raw/deam_audio\1630.mp3,,happy,deam_1630,deam_user
data/raw/deam_audio\1631.mp3,,happy,deam_1631,deam_user
data/raw/deam_audio\1632.mp3,,calm,deam_1632,deam_user
data/raw/deam_audio\1633.mp3,,happy,deam_1633,deam_user
data/raw/deam_audio\1634.mp3,,happy,deam_1634,deam_user
data/raw/deam_audio\1635.mp3,,happy,deam_1635,deam_user
data/raw/deam_audio\1636.mp3,,happy,deam_1636,deam_user
data/raw/deam_audio\1637.mp3,,happy,deam_1637,deam_user
data/raw/deam_audio\1638.mp3,,happy,deam_1638,deam_user
data/raw/deam_audio\1639.mp3,,happy,deam_1639,deam_user
data/raw/deam_audio\1640.mp3,,happy,deam_1640,deam_user
data/raw/deam_audio\1641.mp3,,happy,deam_1641,deam_user
data/raw/deam_audio\1642.mp3,,happy,deam_1642,deam_user
data/raw/deam_audio\1643.mp3,,happy,deam_1643,deam_user
data/raw/deam_audio\1644.mp3,,happy,deam_1644,deam_user
data/raw/deam_audio\1645.mp3,,happy,deam_1645,deam_user
data/raw/deam_audio\1646.mp3,,happy,deam_1646,deam_user
data/raw/deam_audio\1647.mp3,,happy,deam_1647,deam_user
data/raw/deam_audio\1648.mp3,,sad,deam_1648,deam_user
data/raw/deam_audio\1649.mp3,,happy,deam_1649,deam_user
data/raw/deam_audio\1650.mp3,,happy,deam_1650,deam_user
data/raw/deam_audio\1651.mp3,,happy,deam_1651,deam_user
data/raw/deam_audio\1652.mp3,,happy,deam_1652,deam_user
data/raw/deam_audio\1653.mp3,,calm,deam_1653,deam_user
data/raw/deam_audio\1654.mp3,,sad,deam_1654,deam_user
data/raw/deam_audio\1655.mp3,,happy,deam_1655,deam_user
data/raw/deam_audio\1656.mp3,,happy,deam_1656,deam_user
data/raw/deam_audio\1657.mp3,,happy,deam_1657,deam_user
data/raw/deam_audio\1658.mp3,,happy,deam_1658,deam_user
data/raw/deam_audio\1659.mp3,,happy,deam_1659,deam_user
data/raw/deam_audio\1660.mp3,,happy,deam_1660,deam_user
data/raw/deam_audio\1661.mp3,,happy,deam_1661,deam_user
data/raw/deam_audio\1662.mp3,,happy,deam_1662,deam_user
data/raw/deam_audio\1663.mp3,,angry,deam_1663,deam_user
data/raw/deam_audio\1664.mp3,,happy,deam_1664,deam_user
data/raw/deam_audio\1665.mp3,,happy,deam_1665,deam_user
data/raw/deam_audio\1666.mp3,,sad,deam_1666,deam_user
data/raw/deam_audio\1667.mp3,,happy,deam_1667,deam_user
data/raw/deam_audio\1668.mp3,,happy,deam_1668,deam_user
data/raw/deam_audio\1669.mp3,,happy,deam_1669,deam_user
data/raw/deam_audio\1670.mp3,,happy,deam_1670,deam_user
data/raw/deam_audio\1671.mp3,,calm,deam_1671,deam_user
data/raw/deam_audio\1672.mp3,,calm,deam_1672,deam_user
data/raw/deam_audio\1673.mp3,,happy,deam_1673,deam_user
data/raw/deam_audio\1674.mp3,,happy,deam_1674,deam_user
data/raw/deam_audio\1675.mp3,,happy,deam_1675,deam_user
data/raw/deam_audio\1676.mp3,,happy,deam_1676,deam_user
data/raw/deam_audio\1677.mp3,,happy,deam_1677,deam_user
data/raw/deam_audio\1678.mp3,,happy,deam_1678,deam_user
data/raw/deam_audio\1679.mp3,,happy,deam_1679,deam_user
data/raw/deam_audio\1680.mp3,,happy,deam_1680,deam_user
data/raw/deam_audio\1681.mp3,,happy,deam_1681,deam_user
data/raw/deam_audio\1682.mp3,,happy,deam_1682,deam_user
data/raw/deam_audio\1683.mp3,,happy,deam_1683,deam_user
data/raw/deam_audio\1684.mp3,,happy,deam_1684,deam_user
data/raw/deam_audio\1685.mp3,,happy,deam_1685,deam_user
data/raw/deam_audio\1686.mp3,,angry,deam_1686,deam_user
data/raw/deam_audio\1687.mp3,,happy,deam_1687,deam_user
data/raw/deam_audio\1688.mp3,,happy,deam_1688,deam_user
data/raw/deam_audio\1689.mp3,,happy,deam_1689,deam_user
data/raw/deam_audio\1690.mp3,,happy,deam_1690,deam_user
data/raw/deam_audio\1691.mp3,,angry,deam_1691,deam_user
data/raw/deam_audio\1692.mp3,,angry,deam_1692,deam_user
data/raw/deam_audio\1693.mp3,,sad,deam_1693,deam_user
data/raw/deam_audio\1694.mp3,,angry,deam_1694,deam_user
data/raw/deam_audio\1695.mp3,,happy,deam_1695,deam_user
data/raw/deam_audio\1696.mp3,,happy,deam_1696,deam_user
data/raw/deam_audio\1697.mp3,,sad,deam_1697,deam_user
data/raw/deam_audio\1698.mp3,,happy,deam_1698,deam_user
data/raw/deam_audio\1699.mp3,,happy,deam_1699,deam_user
data/raw/deam_audio\1700.mp3,,happy,deam_1700,deam_user
data/raw/deam_audio\1701.mp3,,calm,deam_1701,deam_user
data/raw/deam_audio\1702.mp3,,sad,deam_1702,deam_user
data/raw/deam_audio\1703.mp3,,happy,deam_1703,deam_user
data/raw/deam_audio\1704.mp3,,happy,deam_1704,deam_user
data/raw/deam_audio\1705.mp3,,angry,deam_1705,deam_user
data/raw/deam_audio\1706.mp3,,happy,deam_1706,deam_user
data/raw/deam_audio\1707.mp3,,angry,deam_1707,deam_user
data/raw/deam_audio\1708.mp3,,angry,deam_1708,deam_user
data/raw/deam_audio\1709.mp3,,angry,deam_1709,deam_user
data/raw/deam_audio\1710.mp3,,angry,deam_1710,deam_user
data/raw/deam_audio\1711.mp3,,happy,deam_1711,deam_user
data/raw/deam_audio\1712.mp3,,sad,deam_1712,deam_user
data/raw/deam_audio\1713.mp3,,happy,deam_1713,deam_user
data/raw/deam_audio\1714.mp3,,happy,deam_1714,deam_user
data/raw/deam_audio\1715.mp3,,happy,deam_1715,deam_user
data/raw/deam_audio\1716.mp3,,happy,deam_1716,deam_user
data/raw/deam_audio\1717.mp3,,happy,deam_1717,deam_user
data/raw/deam_audio\1718.mp3,,calm,deam_1718,deam_user
data/raw/deam_audio\1719.mp3,,calm,deam_1719,deam_user
data/raw/deam_audio\1720.mp3,,happy,deam_1720,deam_user
data/raw/deam_audio\1721.mp3,,sad,deam_1721,deam_user
data/raw/deam_audio\1722.mp3,,happy,deam_1722,deam_user
data/raw/deam_audio\1723.mp3,,calm,deam_1723,deam_user
data/raw/deam_audio\1724.mp3,,sad,deam_1724,deam_user
data/raw/deam_audio\1725.mp3,,happy,deam_1725,deam_user
data/raw/deam_audio\1726.mp3,,happy,deam_1726,deam_user
data/raw/deam_audio\1727.mp3,,happy,deam_1727,deam_user
data/raw/deam_audio\1728.mp3,,angry,deam_1728,deam_user
data/raw/deam_audio\1729.mp3,,happy,deam_1729,deam_user
data/raw/deam_audio\1730.mp3,,happy,deam_1730,deam_user
data/raw/deam_audio\1731.mp3,,angry,deam_1731,deam_user
data/raw/deam_audio\1732.mp3,,sad,deam_1732,deam_user
data/raw/deam_audio\1733.mp3,,angry,deam_1733,deam_user
data/raw/deam_audio\1734.mp3,,happy,deam_1734,deam_user
data/raw/deam_audio\1735.mp3,,calm,deam_1735,deam_user
data/raw/deam_audio\1736.mp3,,happy,deam_1736,deam_user
data/raw/deam_audio\1737.mp3,,angry,deam_1737,deam_user
data/raw/deam_audio\1738.mp3,,angry,deam_1738,deam_user
data/raw/deam_audio\1739.mp3,,happy,deam_1739,deam_user
data/raw/deam_audio\1740.mp3,,happy,deam_1740,deam_user
data/raw/deam_audio\1741.mp3,,sad,deam_1741,deam_user
data/raw/deam_audio\1742.mp3,,happy,deam_1742,deam_user
data/raw/deam_audio\1743.mp3,,happy,deam_1743,deam_user
data/raw/deam_audio\1744.mp3,,happy,deam_1744,deam_user
data/raw/deam_audio\1745.mp3,,happy,deam_1745,deam_user
data/raw/deam_audio\1746.mp3,,happy,deam_1746,deam_user
data/raw/deam_audio\1747.mp3,,sad,deam_1747,deam_user
data/raw/deam_audio\1748.mp3,,happy,deam_1748,deam_user
data/raw/deam_audio\1749.mp3,,happy,deam_1749,deam_user
data/raw/deam_audio\1750.mp3,,happy,deam_1750,deam_user
data/raw/deam_audio\1751.mp3,,happy,deam_1751,deam_user
data/raw/deam_audio\1752.mp3,,happy,deam_1752,deam_user
data/raw/deam_audio\1753.mp3,,angry,deam_1753,deam_user
data/raw/deam_audio\1754.mp3,,sad,deam_1754,deam_user
data/raw/deam_audio\1755.mp3,,happy,deam_1755,deam_user
data/raw/deam_audio\1756.mp3,,angry,deam_1756,deam_user
data/raw/deam_audio\1757.mp3,,calm,deam_1757,deam_user
data/raw/deam_audio\1758.mp3,,calm,deam_1758,deam_user
data/raw/deam_audio\1759.mp3,,happy,deam_1759,deam_user
data/raw/deam_audio\1760.mp3,,happy,deam_1760,deam_user
data/raw/deam_audio\1761.mp3,,happy,deam_1761,deam_user
data/raw/deam_audio\1762.mp3,,happy,deam_1762,deam_user
data/raw/deam_audio\1763.mp3,,calm,deam_1763,deam_user
data/raw/deam_audio\1764.mp3,,happy,deam_1764,deam_user
data/raw/deam_audio\1765.mp3,,happy,deam_1765,deam_user
data/raw/deam_audio\1766.mp3,,sad,deam_1766,deam_user
data/raw/deam_audio\1767.mp3,,sad,deam_1767,deam_user
data/raw/deam_audio\1768.mp3,,calm,deam_1768,deam_user
data/raw/deam_audio\1769.mp3,,happy,deam_1769,deam_user
data/raw/deam_audio\1770.mp3,,sad,deam_1770,deam_user
data/raw/deam_audio\1771.mp3,,happy,deam_1771,deam_user
data/raw/deam_audio\1772.mp3,,happy,deam_1772,deam_user
data/raw/deam_audio\1773.mp3,,happy,deam_1773,deam_user
data/raw/deam_audio\1774.mp3,,happy,deam_1774,deam_user
data/raw/deam_audio\1775.mp3,,calm,deam_1775,deam_user
data/raw/deam_audio\1776.mp3,,calm,deam_1776,deam_user
data/raw/deam_audio\1777.mp3,,happy,deam_1777,deam_user
data/raw/deam_audio\1778.mp3,,calm,deam_1778,deam_user
data/raw/deam_audio\1779.mp3,,happy,deam_1779,deam_user
data/raw/deam_audio\1780.mp3,,calm,deam_1780,deam_user
data/raw/deam_audio\1781.mp3,,calm,deam_1781,deam_user
data/raw/deam_audio\1782.mp3,,happy,deam_1782,deam_user
data/raw/deam_audio\1783.mp3,,sad,deam_1783,deam_user
data/raw/deam_audio\1784.mp3,,happy,deam_1784,deam_user
data/raw/deam_audio\1785.mp3,,happy,deam_1785,deam_user
data/raw/deam_audio\1786.mp3,,sad,deam_1786,deam_user
data/raw/deam_audio\1787.mp3,,calm,deam_1787,deam_user
data/raw/deam_audio\1788.mp3,,angry,deam_1788,deam_user
data/raw/deam_audio\1789.mp3,,happy,deam_1789,deam_user
data/raw/deam_audio\1790.mp3,,sad,deam_1790,deam_user
data/raw/deam_audio\1791.mp3,,happy,deam_1791,deam_user
data/raw/deam_audio\1792.mp3,,happy,deam_1792,deam_user
data/raw/deam_audio\1793.mp3,,happy,deam_1793,deam_user
data/raw/deam_audio\1794.mp3,,angry,deam_1794,deam_user
data/raw/deam_audio\1795.mp3,,sad,deam_1795,deam_user
data/raw/deam_audio\1796.mp3,,happy,deam_1796,deam_user
data/raw/deam_audio\1797.mp3,,angry,deam_1797,deam_user
data/raw/deam_audio\1798.mp3,,happy,deam_1798,deam_user
data/raw/deam_audio\1799.mp3,,happy,deam_1799,deam_user
data/raw/deam_audio\1800.mp3,,sad,deam_1800,deam_user
data/raw/deam_audio\1801.mp3,,sad,deam_1801,deam_user
data/raw/deam_audio\1802.mp3,,happy,deam_1802,deam_user
data/raw/deam_audio\1803.mp3,,happy,deam_1803,deam_user
data/raw/deam_audio\1804.mp3,,happy,deam_1804,deam_user
data/raw/deam_audio\1805.mp3,,happy,deam_1805,deam_user
data/raw/deam_audio\1806.mp3,,happy,deam_1806,deam_user
data/raw/deam_audio\1807.mp3,,happy,deam_1807,deam_user
data/raw/deam_audio\1808.mp3,,happy,deam_1808,deam_user
data/raw/deam_audio\1809.mp3,,angry,deam_1809,deam_user
data/raw/deam_audio\1810.mp3,,happy,deam_1810,deam_user
data/raw/deam_audio\1811.mp3,,happy,deam_1811,deam_user
data/raw/deam_audio\1812.mp3,,happy,deam_1812,deam_user
data/raw/deam_audio\1813.mp3,,happy,deam_1813,deam_user
data/raw/deam_audio\1814.mp3,,happy,deam_1814,deam_user
data/raw/deam_audio\1815.mp3,,happy,deam_1815,deam_user
data/raw/deam_audio\1816.mp3,,happy,deam_1816,deam_user
data/raw/deam_audio\1817.mp3,,happy,deam_1817,deam_user
data/raw/deam_audio\1818.mp3,,happy,deam_1818,deam_user
data/raw/deam_audio\1819.mp3,,angry,deam_1819,deam_user
data/raw/deam_audio\1820.mp3,,happy,deam_1820,deam_user
data/raw/deam_audio\1821.mp3,,happy,deam_1821,deam_user
data/raw/deam_audio\1822.mp3,,happy,deam_1822,deam_user
data/raw/deam_audio\1823.mp3,,angry,deam_1823,deam_user
data/raw/deam_audio\1824.mp3,,happy,deam_1824,deam_user
data/raw/deam_audio\1825.mp3,,happy,deam_1825,deam_user
data/raw/deam_audio\1826.mp3,,happy,deam_1826,deam_user
data/raw/deam_audio\1827.mp3,,happy,deam_1827,deam_user
data/raw/deam_audio\1828.mp3,,happy,deam_1828,deam_user
data/raw/deam_audio\1829.mp3,,happy,deam_1829,deam_user
data/raw/deam_audio\1830.mp3,,happy,deam_1830,deam_user
data/raw/deam_audio\1831.mp3,,happy,deam_1831,deam_user
data/raw/deam_audio\1832.mp3,,happy,deam_1832,deam_user
data/raw/deam_audio\1833.mp3,,happy,deam_1833,deam_user
data/raw/deam_audio\1834.mp3,,happy,deam_1834,deam_user
data/raw/deam_audio\1835.mp3,,calm,deam_1835,deam_user
data/raw/deam_audio\1836.mp3,,happy,deam_1836,deam_user
data/raw/deam_audio\1837.mp3,,sad,deam_1837,deam_user
data/raw/deam_audio\1838.mp3,,happy,deam_1838,deam_user
data/raw/deam_audio\1839.mp3,,happy,deam_1839,deam_user
data/raw/deam_audio\1840.mp3,,happy,deam_1840,deam_user
data/raw/deam_audio\1841.mp3,,happy,deam_1841,deam_user
data/raw/deam_audio\1842.mp3,,happy,deam_1842,deam_user
data/raw/deam_audio\1843.mp3,,happy,deam_1843,deam_user
data/raw/deam_audio\1844.mp3,,happy,deam_1844,deam_user
data/raw/deam_audio\1845.mp3,,happy,deam_1845,deam_user
data/raw/deam_audio\1846.mp3,,happy,deam_1846,deam_user
data/raw/deam_audio\1847.mp3,,sad,deam_1847,deam_user
data/raw/deam_audio\1848.mp3,,happy,deam_1848,deam_user
data/raw/deam_audio\1849.mp3,,happy,deam_1849,deam_user
data/raw/deam_audio\1850.mp3,,sad,deam_1850,deam_user
data/raw/deam_audio\1851.mp3,,calm,deam_1851,deam_user
data/raw/deam_audio\1852.mp3,,happy,deam_1852,deam_user
data/raw/deam_audio\1853.mp3,,happy,deam_1853,deam_user
data/raw/deam_audio\1854.mp3,,happy,deam_1854,deam_user
data/raw/deam_audio\1855.mp3,,happy,deam_1855,deam_user
data/raw/deam_audio\1856.mp3,,happy,deam_1856,deam_user
data/raw/deam_audio\1857.mp3,,happy,deam_1857,deam_user
data/raw/deam_audio\1858.mp3,,happy,deam_1858,deam_user
data/raw/deam_audio\1859.mp3,,happy,deam_1859,deam_user
data/raw/deam_audio\1860.mp3,,angry,deam_1860,deam_user
data/raw/deam_audio\1861.mp3,,happy,deam_1861,deam_user
data/raw/deam_audio\1862.mp3,,happy,deam_1862,deam_user
data/raw/deam_audio\1863.mp3,,happy,deam_1863,deam_user
data/raw/deam_audio\1864.mp3,,happy,deam_1864,deam_user
data/raw/deam_audio\1865.mp3,,happy,deam_1865,deam_user
data/raw/deam_audio\1866.mp3,,happy,deam_1866,deam_user
data/raw/deam_audio\1867.mp3,,happy,deam_1867,deam_user
data/raw/deam_audio\1868.mp3,,happy,deam_1868,deam_user
data/raw/deam_audio\1869.mp3,,angry,deam_1869,deam_user
data/raw/deam_audio\1870.mp3,,happy,deam_1870,deam_user
data/raw/deam_audio\1871.mp3,,happy,deam_1871,deam_user
data/raw/deam_audio\1872.mp3,,angry,deam_1872,deam_user
data/raw/deam_audio\1873.mp3,,happy,deam_1873,deam_user
data/raw/deam_audio\1874.mp3,,happy,deam_1874,deam_user
data/raw/deam_audio\1875.mp3,,happy,deam_1875,deam_user
data/raw/deam_audio\1876.mp3,,happy,deam_1876,deam_user
data/raw/deam_audio\1877.mp3,,happy,deam_1877,deam_user
data/raw/deam_audio\1878.mp3,,happy,deam_1878,deam_user
data/raw/deam_audio\1879.mp3,,angry,deam_1879,deam_user
data/raw/deam_audio\1880.mp3,,calm,deam_1880,deam_user
data/raw/deam_audio\1881.mp3,,happy,deam_1881,deam_user
data/raw/deam_audio\1882.mp3,,happy,deam_1882,deam_user
data/raw/deam_audio\1883.mp3,,happy,deam_1883,deam_user
data/raw/deam_audio\1884.mp3,,happy,deam_1884,deam_user
data/raw/deam_audio\1885.mp3,,angry,deam_1885,deam_user
data/raw/deam_audio\1886.mp3,,sad,deam_1886,deam_user
data/raw/deam_audio\1887.mp3,,happy,deam_1887,deam_user
data/raw/deam_audio\1888.mp3,,sad,deam_1888,deam_user
data/raw/deam_audio\1889.mp3,,happy,deam_1889,deam_user
data/raw/deam_audio\1890.mp3,,happy,deam_1890,deam_user
data/raw/deam_audio\1891.mp3,,happy,deam_1891,deam_user
data/raw/deam_audio\1892.mp3,,happy,deam_1892,deam_user
data/raw/deam_audio\1893.mp3,,happy,deam_1893,deam_user
data/raw/deam_audio\1894.mp3,,happy,deam_1894,deam_user
data/raw/deam_audio\1895.mp3,,happy,deam_1895,deam_user
data/raw/deam_audio\1896.mp3,,calm,deam_1896,deam_user
data/raw/deam_audio\1897.mp3,,angry,deam_1897,deam_user
data/raw/deam_audio\1898.mp3,,happy,deam_1898,deam_user
data/raw/deam_audio\1899.mp3,,happy,deam_1899,deam_user
data/raw/deam_audio\1900.mp3,,happy,deam_1900,deam_user
data/raw/deam_audio\1901.mp3,,happy,deam_1901,deam_user
data/raw/deam_audio\1902.mp3,,happy,deam_1902,deam_user
data/raw/deam_audio\1903.mp3,,angry,deam_1903,deam_user
data/raw/deam_audio\1904.mp3,,sad,deam_1904,deam_user
data/raw/deam_audio\1905.mp3,,angry,deam_1905,deam_user
data/raw/deam_audio\1906.mp3,,happy,deam_1906,deam_user
data/raw/deam_audio\1907.mp3,,happy,deam_1907,deam_user
data/raw/deam_audio\1908.mp3,,happy,deam_1908,deam_user
data/raw/deam_audio\1909.mp3,,happy,deam_1909,deam_user
data/raw/deam_audio\1910.mp3,,happy,deam_1910,deam_user
data/raw/deam_audio\1911.mp3,,happy,deam_1911,deam_user
data/raw/deam_audio\1912.mp3,,happy,deam_1912,deam_user
data/raw/deam_audio\1913.mp3,,happy,deam_1913,deam_user
data/raw/deam_audio\1914.mp3,,happy,deam_1914,deam_user
data/raw/deam_audio\1915.mp3,,happy,deam_1915,deam_user
data/raw/deam_audio\1916.mp3,,happy,deam_1916,deam_user
data/raw/deam_audio\1917.mp3,,angry,deam_1917,deam_user
data/raw/deam_audio\1918.mp3,,angry,deam_1918,deam_user
data/raw/deam_audio\1919.mp3,,happy,deam_1919,deam_user
data/raw/deam_audio\1920.mp3,,happy,deam_1920,deam_user
data/raw/deam_audio\1921.mp3,,angry,deam_1921,deam_user
data/raw/deam_audio\1922.mp3,,happy,deam_1922,deam_user
data/raw/deam_audio\1923.mp3,,happy,deam_1923,deam_user
data/raw/deam_audio\1924.mp3,,happy,deam_1924,deam_user
data/raw/deam_audio\1925.mp3,,happy,deam_1925,deam_user
data/raw/deam_audio\1926.mp3,,happy,deam_1926,deam_user
data/raw/deam_audio\1927.mp3,,happy,deam_1927,deam_user
data/raw/deam_audio\1928.mp3,,angry,deam_1928,deam_user
data/raw/deam_audio\1929.mp3,,happy,deam_1929,deam_user
data/raw/deam_audio\1930.mp3,,happy,deam_1930,deam_user
data/raw/deam_audio\1931.mp3,,happy,deam_1931,deam_user
data/raw/deam_audio\1932.mp3,,angry,deam_1932,deam_user
data/raw/deam_audio\1933.mp3,,happy,deam_1933,deam_user
data/raw/deam_audio\1934.mp3,,calm,deam_1934,deam_user
data/raw/deam_audio\1935.mp3,,happy,deam_1935,deam_user
data/raw/deam_audio\1936.mp3,,sad,deam_1936,deam_user
data/raw/deam_audio\1937.mp3,,calm,deam_1937,deam_user
data/raw/deam_audio\1938.mp3,,happy,deam_1938,deam_user
data/raw/deam_audio\1939.mp3,,happy,deam_1939,deam_user
data/raw/deam_audio\1940.mp3,,happy,deam_1940,deam_user
data/raw/deam_audio\1941.mp3,,happy,deam_1941,deam_user
data/raw/deam_audio\1942.mp3,,happy,deam_1942,deam_user
data/raw/deam_audio\1943.mp3,,angry,deam_1943,deam_user
data/raw/deam_audio\1944.mp3,,happy,deam_1944,deam_user
data/raw/deam_audio\1945.mp3,,happy,deam_1945,deam_user
data/raw/deam_audio\1946.mp3,,angry,deam_1946,deam_user
data/raw/deam_audio\1947.mp3,,happy,deam_1947,deam_user
data/raw/deam_audio\1948.mp3,,happy,deam_1948,deam_user
data/raw/deam_audio\1949.mp3,,angry,deam_1949,deam_user
data/raw/deam_audio\1950.mp3,,angry,deam_1950,deam_user
data/raw/deam_audio\1951.mp3,,happy,deam_1951,deam_user
data/raw/deam_audio\1952.mp3,,angry,deam_1952,deam_user
data/raw/deam_audio\1953.mp3,,happy,deam_1953,deam_user
data/raw/deam_audio\1954.mp3,,happy,deam_1954,deam_user
data/raw/deam_audio\1955.mp3,,happy,deam_1955,deam_user
data/raw/deam_audio\1956.mp3,,happy,deam_1956,deam_user
data/raw/deam_audio\1957.mp3,,happy,deam_1957,deam_user
data/raw/deam_audio\1958.mp3,,angry,deam_1958,deam_user
data/raw/deam_audio\1959.mp3,,happy,deam_1959,deam_user
data/raw/deam_audio\1960.mp3,,angry,deam_1960,deam_user
data/raw/deam_audio\1961.mp3,,happy,deam_1961,deam_user
data/raw/deam_audio\1962.mp3,,happy,deam_1962,deam_user
data/raw/deam_audio\1963.mp3,,angry,deam_1963,deam_user
data/raw/deam_audio\1964.mp3,,angry,deam_1964,deam_user
data/raw/deam_audio\1965.mp3,,angry,deam_1965,deam_user
data/raw/deam_audio\1966.mp3,,angry,deam_1966,deam_user
data/raw/deam_audio\1967.mp3,,angry,deam_1967,deam_user
data/raw/deam_audio\1968.mp3,,angry,deam_1968,deam_user
data/raw/deam_audio\1969.mp3,,angry,deam_1969,deam_user
data/raw/deam_audio\1970.mp3,,happy,deam_1970,deam_user
data/raw/deam_audio\1971.mp3,,happy,deam_1971,deam_user
data/raw/deam_audio\1972.mp3,,happy,deam_1972,deam_user
data/raw/deam_audio\1973.mp3,,angry,deam_1973,deam_user
data/raw/deam_audio\1974.mp3,,angry,deam_1974,deam_user
data/raw/deam_audio\1975.mp3,,happy,deam_1975,deam_user
data/raw/deam_audio\1976.mp3,,angry,deam_1976,deam_user
data/raw/deam_audio\1977.mp3,,happy,deam_1977,deam_user
data/raw/deam_audio\1978.mp3,,happy,deam_1978,deam_user
data/raw/deam_audio\1979.mp3,,happy,deam_1979,deam_user
data/raw/deam_audio\1980.mp3,,happy,deam_1980,deam_user
data/raw/deam_audio\1981.mp3,,angry,deam_1981,deam_user
data/raw/deam_audio\1982.mp3,,happy,deam_1982,deam_user
data/raw/deam_audio\1983.mp3,,angry,deam_1983,deam_user
data/raw/deam_audio\1984.mp3,,calm,deam_1984,deam_user
data/raw/deam_audio\1985.mp3,,happy,deam_1985,deam_user
data/raw/deam_audio\1986.mp3,,happy,deam_1986,deam_user
data/raw/deam_audio\1987.mp3,,happy,deam_1987,deam_user
data/raw/deam_audio\1988.mp3,,happy,deam_1988,deam_user
data/raw/deam_audio\1989.mp3,,happy,deam_1989,deam_user
data/raw/deam_audio\1990.mp3,,angry,deam_1990,deam_user
data/raw/deam_audio\1991.mp3,,happy,deam_1991,deam_user
data/raw/deam_audio\1992.mp3,,happy,deam_1992,deam_user
data/raw/deam_audio\1993.mp3,,angry,deam_1993,deam_user
data/raw/deam_audio\1994.mp3,,angry,deam_1994,deam_user
data/raw/deam_audio\1995.mp3,,happy,deam_1995,deam_user
data/raw/deam_audio\1996.mp3,,happy,deam_1996,deam_user
data/raw/deam_audio\1997.mp3,,happy,deam_1997,deam_user
data/raw/deam_audio\1998.mp3,,happy,deam_1998,deam_user
data/raw/deam_audio\1999.mp3,,happy,deam_1999,deam_user
data/raw/deam_audio\2000.mp3,,happy,deam_2000,deam_user
data/raw/deam_audio\2001.mp3,,angry,deam_2001,deam_user
data/raw/deam_audio\2002.mp3,,happy,deam_2002,deam_user
data/raw/deam_audio\2003.mp3,,happy,deam_2003,deam_user
data/raw/deam_audio\2004.mp3,,happy,deam_2004,deam_user
data/raw/deam_audio\2005.mp3,,sad,deam_2005,deam_user
data/raw/deam_audio\2006.mp3,,calm,deam_2006,deam_user
data/raw/deam_audio\2007.mp3,,sad,deam_2007,deam_user
data/raw/deam_audio\2008.mp3,,calm,deam_2008,deam_user
data/raw/deam_audio\2009.mp3,,happy,deam_2009,deam_user
data/raw/deam_audio\2010.mp3,,happy,deam_2010,deam_user
data/raw/deam_audio\2011.mp3,,angry,deam_2011,deam_user
data/raw/deam_audio\2012.mp3,,angry,deam_2012,deam_user
data/raw/deam_audio\2013.mp3,,happy,deam_2013,deam_user
data/raw/deam_audio\2014.mp3,,angry,deam_2014,deam_user
data/raw/deam_audio\2015.mp3,,happy,deam_2015,deam_user
data/raw/deam_audio\2016.mp3,,happy,deam_2016,deam_user
data/raw/deam_audio\2017.mp3,,happy,deam_2017,deam_user
data/raw/deam_audio\2018.mp3,,happy,deam_2018,deam_user
data/raw/deam_audio\2019.mp3,,happy,deam_2019,deam_user
data/raw/deam_audio\2020.mp3,,happy,deam_2020,deam_user
data/raw/deam_audio\2021.mp3,,sad,deam_2021,deam_user
data/raw/deam_audio\2022.mp3,,angry,deam_2022,deam_user
data/raw/deam_audio\2023.mp3,,calm,deam_2023,deam_user
data/raw/deam_audio\2024.mp3,,calm,deam_2024,deam_user
data/raw/deam_audio\2025.mp3,,calm,deam_2025,deam_user
data/raw/deam_audio\2026.mp3,,calm,deam_2026,deam_user
data/raw/deam_audio\2027.mp3,,happy,deam_2027,deam_user
data/raw/deam_audio\2028.mp3,,angry,deam_2028,deam_user
data/raw/deam_audio\2029.mp3,,angry,deam_2029,deam_user
data/raw/deam_audio\2030.mp3,,angry,deam_2030,deam_user
data/raw/deam_audio\2031.mp3,,sad,deam_2031,deam_user
data/raw/deam_audio\2032.mp3,,happy,deam_2032,deam_user
data/raw/deam_audio\2033.mp3,,angry,deam_2033,deam_user
data/raw/deam_audio\2034.mp3,,happy,deam_2034,deam_user
data/raw/deam_audio\2035.mp3,,angry,deam_2035,deam_user
data/raw/deam_audio\2036.mp3,,angry,deam_2036,deam_user
data/raw/deam_audio\2037.mp3,,happy,deam_2037,deam_user
data/raw/deam_audio\2038.mp3,,sad,deam_2038,deam_user
data/raw/deam_audio\2039.mp3,,happy,deam_2039,deam_user
data/raw/deam_audio\2040.mp3,,angry,deam_2040,deam_user
data/raw/deam_audio\2041.mp3,,sad,deam_2041,deam_user
data/raw/deam_audio\2042.mp3,,sad,deam_2042,deam_user
data/raw/deam_audio\2043.mp3,,calm,deam_2043,deam_user
data/raw/deam_audio\2044.mp3,,happy,deam_2044,deam_user
data/raw/deam_audio\2045.mp3,,sad,deam_2045,deam_user
data/raw/deam_audio\2046.mp3,,happy,deam_2046,deam_user
data/raw/deam_audio\2047.mp3,,happy,deam_2047,deam_user
data/raw/deam_audio\2048.mp3,,calm,deam_2048,deam_user
data/raw/deam_audio\2049.mp3,,sad,deam_2049,deam_user
data/raw/deam_audio\2050.mp3,,sad,deam_2050,deam_user
data/raw/deam_audio\2051.mp3,,angry,deam_2051,deam_user
data/raw/deam_audio\2052.mp3,,angry,deam_2052,deam_user
data/raw/deam_audio\2053.mp3,,sad,deam_2053,deam_user
data/raw/deam_audio\2054.mp3,,calm,deam_2054,deam_user
data/raw/deam_audio\2055.mp3,,happy,deam_2055,deam_user
data/raw/deam_audio\2056.mp3,,happy,deam_2056,deam_user
data/raw/deam_audio\2057.mp3,,angry,deam_2057,deam_user
data/raw/deam_audio\2058.mp3,,angry,deam_2058,deam_user
